,trade_date,close
0,20191028,34.8
1,20191025,33.43
2,20191024,33.56
3,20191023,33.13
4,20191022,33.68
5,20191021,33.86
6,20191018,33.76
7,20191017,32.98
8,20191016,32.42
9,20191015,32.6
10,20191014,31.12
11,20191011,30.38
12,20191010,30.33
13,20191009,30.06
14,20191008,30.0
15,20190930,30.48
16,20190927,30.45
17,20190926,30.36
18,20190925,30.77
19,20190924,31.57
20,20190923,31.62
21,20190920,32.02
22,20190919,31.52
23,20190918,31.54
24,20190917,31.49
25,20190916,32.24
26,20190912,32.7
27,20190911,32.54
28,20190910,32.9
29,20190909,32.49
30,20190906,32.38
31,20190905,32.32
32,20190904,31.64
33,20190903,31.4
34,20190902,31.62
35,20190830,31.5
36,20190829,31.91
37,20190828,32.32
38,20190827,32.31
39,20190826,32.37
40,20190823,32.4
41,20190822,32.27
42,20190821,31.65
43,20190820,32.04
44,20190819,32.25
45,20190816,31.86
46,20190815,30.85
47,20190814,31.79
48,20190813,31.32
49,20190812,31.91
50,20190809,31.65
51,20190808,32.04
52,20190807,31.41
53,20190806,31.3
54,20190805,31.6
55,20190802,32.17
56,20190801,32.8
57,20190731,33.36
58,20190730,33.77
59,20190729,33.81
60,20190726,34.45
61,20190725,33.45
62,20190724,32.71
63,20190723,32.3
64,20190722,32.13
65,20190719,32.84
66,20190718,33.18
67,20190717,33.66
68,20190716,33.44
69,20190715,35.42
70,20190712,39.35
71,20190711,39.41
72,20190710,39.25
73,20190709,39.23
74,20190708,39.49
75,20190705,40.14
76,20190704,40.2
77,20190703,40.33
78,20190702,41.0
79,20190701,40.79
80,20190628,39.82
81,20190627,40.1
82,20190626,39.91
83,20190625,39.8
84,20190624,39.21
85,20190621,39.29
86,20190620,39.24
87,20190619,38.75
88,20190618,38.49
89,20190617,38.39
90,20190614,38.67
91,20190613,39.61
92,20190612,39.82
93,20190611,40.63
94,20190610,39.84
95,20190606,39.7
96,20190605,40.31
97,20190604,40.3
98,20190603,40.57
99,20190531,40.83
100,20190530,40.87
101,20190529,40.92
102,20190528,41.25
103,20190527,41.24
104,20190524,40.09
105,20190523,40.22
106,20190522,41.08
107,20190521,41.01
108,20190520,40.7
109,20190517,40.41
110,20190516,41.4
111,20190515,41.22
112,20190514,40.62
113,20190513,41.47
114,20190510,41.05
115,20190509,39.76
116,20190508,40.8
117,20190507,40.95
118,20190506,41.9
119,20190430,43.79
120,20190429,47.2
121,20190426,48.47
122,20190425,50.04
123,20190424,50.45
124,20190423,49.45
125,20190422,49.11
126,20190419,49.37
127,20190418,49.15
128,20190417,49.76
129,20190416,49.88
130,20190415,49.01
131,20190412,49.18
132,20190411,49.4
133,20190410,51.0
134,20190409,50.68
135,20190408,49.23
136,20190404,49.23
137,20190403,48.98
138,20190402,48.61
139,20190401,49.18
140,20190329,47.45
141,20190328,46.35
142,20190327,47.0
143,20190326,46.58
144,20190325,47.05
145,20190322,48.23
146,20190321,48.3
147,20190320,48.79
148,20190319,49.3
149,20190318,49.9
150,20190315,47.53
151,20190314,47.28
152,20190313,45.85
153,20190312,46.35
154,20190311,45.8
155,20190308,44.87
156,20190307,46.48
157,20190306,47.41
158,20190305,47.3
159,20190304,46.9
160,20190301,46.23
161,20190228,45.74
162,20190227,45.4
163,20190226,45.87
164,20190225,45.84
165,20190222,44.25
166,20190221,44.54
167,20190220,45.06
168,20190219,45.24
169,20190218,45.86
170,20190215,43.25
171,20190214,44.14
172,20190213,43.61
173,20190212,43.71
174,20190211,42.5
175,20190201,41.65
176,20190131,41.05
177,20190130,40.8
178,20190129,40.5
179,20190128,40.34
180,20190125,40.19
181,20190124,40.02
182,20190123,40.21
183,20190122,40.35
184,20190121,41.26
185,20190118,40.76
186,20190117,39.98
187,20190116,40.56
188,20190115,40.72
189,20190114,39.46
190,20190111,40.0
191,20190110,39.97
192,20190109,40.59
193,20190108,40.36
194,20190107,40.1
195,20190104,39.85
196,20190103,39.05
197,20190102,39.55
198,20181228,39.55
199,20181227,39.84
200,20181226,40.13
201,20181225,40.62
202,20181224,40.77
203,20181221,39.79
204,20181220,41.0
205,20181219,41.88
206,20181218,42.9
207,20181217,44.21
208,20181214,45.02
209,20181213,45.21
210,20181212,44.58
211,20181211,45.08
212,20181210,44.51
213,20181207,45.07
214,20181206,44.7
215,20181205,45.8
216,20181204,45.99
217,20181203,46.04
218,20181130,45.38
219,20181129,44.68
220,20181128,44.88
221,20181127,44.33
222,20181126,44.22
223,20181123,44.0
224,20181122,44.97
225,20181121,44.77
226,20181120,44.65
227,20181119,45.29
228,20181116,45.88
229,20181115,44.55
230,20181114,44.06
231,20181113,43.58
232,20181112,42.79
233,20181109,42.34
234,20181108,42.35
235,20181107,42.35
236,20181106,42.42
237,20181105,42.0
238,20181102,41.92
239,20181101,39.36
240,20181031,39.25
241,20181030,38.6
242,20181029,38.25
243,20181026,39.96
244,20181025,40.33
245,20181024,39.91
246,20181023,40.76
247,20181022,41.97
248,20181019,39.98
249,20181018,39.2
250,20181017,40.15
251,20181016,40.77
252,20181015,43.69
253,20181012,44.22
254,20181011,43.55
255,20181010,45.39
256,20181009,46.58
257,20181008,45.89
258,20180928,47.47
259,20180927,46.8
260,20180926,46.8
261,20180925,46.16
262,20180921,46.18
263,20180920,44.83
264,20180919,45.09
265,20180918,44.4
266,20180917,43.62
267,20180914,44.26
268,20180913,44.64
269,20180912,44.39
270,20180911,45.2
271,20180910,44.97
272,20180907,45.2
273,20180906,45.01
274,20180905,45.5
275,20180904,46.55
276,20180903,46.36
277,20180831,46.8
278,20180830,46.9
279,20180829,47.24
280,20180828,46.85
281,20180827,45.85
282,20180824,45.07
283,20180823,44.75
284,20180822,44.78
285,20180821,44.94
286,20180820,44.0
287,20180817,44.27
288,20180816,45.03
289,20180815,46.43
290,20180814,47.98
291,20180813,48.2
292,20180810,48.54
293,20180809,48.0
294,20180808,48.07
295,20180807,49.19
296,20180806,48.18
297,20180803,48.89
298,20180802,50.26
299,20180801,51.6
300,20180731,52.39
301,20180730,52.33
302,20180727,52.85
303,20180726,52.61
304,20180725,53.34
305,20180724,53.6
306,20180723,52.84
307,20180720,53.36
308,20180719,52.5
309,20180718,53.08
310,20180717,53.36
311,20180716,54.09
312,20180713,53.5
313,20180712,52.92
314,20180711,51.78
315,20180710,52.7
316,20180709,52.49
317,20180706,51.45
318,20180705,51.72
319,20180704,52.03
320,20180703,53.05
321,20180702,52.3
322,20180629,53.81
323,20180628,52.76
324,20180627,53.07
325,20180626,52.6
326,20180625,54.85
327,20180622,54.87
328,20180621,54.75
329,20180620,54.95
330,20180619,55.04
331,20180615,56.8
332,20180614,57.54
333,20180613,58.69
334,20180612,59.35
335,20180611,58.0
336,20180608,58.58
337,20180607,59.25
338,20180606,60.29
339,20180605,60.5
340,20180604,59.77
341,20180601,59.39
342,20180531,60.02
343,20180530,57.92
344,20180529,57.54
345,20180528,57.65
346,20180525,56.29
347,20180524,56.79
348,20180523,54.78
349,20180522,55.9
350,20180521,55.75
351,20180518,56.44
352,20180517,56.45
353,20180516,57.21
354,20180515,56.07
355,20180514,55.15
356,20180511,55.9
357,20180510,56.05
358,20180509,56.3
359,20180508,56.18
360,20180507,54.18
361,20180504,52.65
362,20180503,52.15
363,20180502,53.02
364,20180427,58.91
365,20180426,58.42
366,20180425,59.66
367,20180424,59.96
368,20180423,58.89
369,20180420,59.1
370,20180419,59.86
371,20180418,60.35
372,20180417,59.89
373,20180416,61.21
374,20180413,61.6
375,20180412,61.93
376,20180411,62.23
377,20180410,62.88
378,20180409,62.28
379,20180404,61.82
380,20180403,61.1
381,20180402,61.35
382,20180330,61.65
383,20180329,60.96
384,20180328,60.6
385,20180327,61.4
386,20180326,60.41
387,20180323,60.2
388,20180322,61.05
389,20180321,62.25
390,20180320,63.54
391,20180319,62.62
392,20180316,61.38
393,20180315,60.74
394,20180314,60.38
395,20180313,60.5
396,20180312,61.48
397,20180309,61.33
398,20180308,60.91
399,20180307,60.11
400,20180306,61.08
401,20180305,60.4
402,20180302,60.02
403,20180301,60.43
404,20180228,60.1
405,20180227,60.65
406,20180226,61.6
407,20180223,61.2
408,20180222,62.55
409,20180214,62.53
410,20180213,62.75
411,20180212,61.1
412,20180209,59.0
413,20180208,60.94
414,20180207,60.48
415,20180206,61.61
416,20180205,63.32
417,20180202,64.45
418,20180201,64.83
419,20180131,65.65
420,20180130,65.35
421,20180129,64.99
422,20180126,66.66
423,20180125,66.2
424,20180124,67.89
425,20180123,68.06
426,20180122,67.86
427,20180119,65.7
428,20180118,65.3
429,20180117,63.9
430,20180116,64.9
431,20180115,63.37
432,20180112,64.08
433,20180111,63.6
434,20180110,64.09
435,20180109,64.25
436,20180108,62.78
437,20180105,62.75
438,20180104,62.61
439,20180103,62.4
440,20180102,61.1
441,20171229,60.27
442,20171228,60.01
443,20171227,59.77
444,20171226,60.06
445,20171225,60.06
446,20171222,61.05
447,20171221,61.46
448,20171220,61.42
449,20171219,60.21
450,20171218,60.02
451,20171215,59.92
452,20171214,60.4
453,20171213,60.74
454,20171212,60.18
455,20171211,60.95
456,20171208,60.09
457,20171207,59.96
458,20171206,60.47
459,20171205,60.48
460,20171204,59.96
461,20171201,59.93
462,20171130,60.14
463,20171129,60.12
464,20171128,62.31
465,20171127,62.49
466,20171124,62.8
467,20171123,62.15
468,20171122,63.45
469,20171121,64.12
470,20171120,63.55
471,20171117,61.8
472,20171116,62.78
473,20171115,62.68
474,20171114,62.57
475,20171113,64.83
476,20171110,65.41
477,20171109,64.28
478,20171108,64.48
479,20171107,65.5
480,20171106,66.01
481,20171103,64.9
482,20171102,64.6
483,20171101,64.38
484,20171031,64.06
485,20171030,68.6
486,20171027,69.0
487,20171026,67.9
488,20171025,68.74
489,20171024,69.27
490,20171023,68.74
491,20171020,67.61
492,20171019,68.08
493,20171018,67.56
494,20171017,65.8
495,20171016,66.35
496,20171013,66.07
497,20171012,66.79
498,20171011,67.05
499,20171010,66.39
500,20171009,66.1
501,20170929,64.93
502,20170928,65.14
503,20170927,63.75
504,20170926,64.77
505,20170925,64.88
506,20170922,63.5
507,20170921,63.01
508,20170920,62.88
509,20170919,62.92
510,20170918,64.05
511,20170915,63.78
512,20170914,63.57
513,20170913,63.36
514,20170912,62.09
515,20170911,62.3
516,20170908,63.02
517,20170907,62.95
518,20170906,63.4
519,20170905,63.63
520,20170904,62.1
521,20170901,61.95
522,20170831,62.36
523,20170830,62.76
524,20170829,62.55
525,20170828,63.13
526,20170825,62.84
527,20170824,62.74
528,20170823,63.96
529,20170822,64.02
530,20170821,64.06
531,20170818,63.1
532,20170817,63.38
533,20170816,63.08
534,20170815,64.11
535,20170814,64.34
536,20170811,64.66
537,20170810,64.69
538,20170809,65.74
539,20170808,63.89
540,20170807,63.68
541,20170804,62.17
542,20170803,62.8
543,20170802,64.0
544,20170801,64.03
545,20170731,64.13
546,20170728,63.0
547,20170727,62.99
548,20170726,62.06
549,20170725,63.15
550,20170724,65.82
551,20170721,66.45
552,20170720,67.2
553,20170719,66.28
554,20170718,65.7
555,20170717,66.35
556,20170714,66.99
557,20170713,67.0
558,20170712,66.85
559,20170711,68.9
560,20170710,68.43
561,20170707,68.29
562,20170706,68.58
563,20170705,69.5
564,20170704,68.78
565,20170703,70.02
566,20170630,71.89
567,20170629,72.1
568,20170628,71.15
569,20170627,72.5
570,20170626,72.95
571,20170623,72.52
572,20170622,69.95
573,20170621,71.8
574,20170620,68.94
575,20170619,69.84
576,20170616,69.32
577,20170615,69.28
578,20170614,70.65
579,20170613,72.23
580,20170612,71.73
581,20170609,69.18
582,20170608,69.19
583,20170607,67.43
584,20170606,66.02
585,20170605,64.99
586,20170602,65.71
587,20170601,67.33
588,20170531,67.22
589,20170526,66.04
590,20170525,66.55
591,20170524,66.8
592,20170523,68.0
593,20170522,67.67
594,20170519,67.11
595,20170518,66.3
596,20170517,66.28
597,20170516,67.05
598,20170515,66.2
599,20170512,64.16
600,20170511,63.94
601,20170510,62.8
602,20170509,62.8
603,20170508,61.9
604,20170505,63.45
605,20170504,63.62
606,20170503,63.97
607,20170502,63.96
608,20170428,65.89
609,20170427,67.98
610,20170426,67.0
611,20170425,68.07
612,20170424,65.5
613,20170421,66.98
614,20170420,68.0
615,20170419,65.24
616,20170418,65.22
617,20170417,62.47
618,20170414,62.68
619,20170413,63.62
620,20170412,62.3
621,20170411,62.7
622,20170410,63.36
623,20170407,65.2
624,20170406,65.74
625,20170405,65.94
626,20170331,65.6
627,20170330,63.62
628,20170329,63.57
629,20170328,64.18
630,20170327,63.67
631,20170324,65.21
632,20170323,64.79
633,20170322,65.3
634,20170321,63.12
635,20170320,63.02
636,20170317,60.3
637,20170316,59.49
638,20170315,59.73
639,20170314,59.69
640,20170313,59.55
641,20170310,58.33
642,20170309,56.92
643,20170308,56.73
644,20170307,57.37
645,20170306,56.3
646,20170303,56.9
647,20170302,56.76
648,20170301,56.69
649,20170228,56.7
650,20170227,56.69
651,20170224,57.02
652,20170223,57.97
653,20170222,57.28
654,20170221,56.93
655,20170220,57.05
656,20170217,55.16
657,20170216,55.04
658,20170215,55.15
659,20170214,55.93
660,20170213,56.27
661,20170210,55.18
662,20170209,55.24
663,20170208,55.27
664,20170207,55.42
665,20170206,55.86
666,20170203,55.42
667,20170126,54.42
668,20170125,54.77
669,20170124,53.85
670,20170123,53.14
671,20170120,53.7
672,20170119,53.22
673,20170118,53.2
674,20170117,52.95
675,20170116,52.23
676,20170113,51.85
677,20170112,52.64
678,20170111,53.26
679,20170110,54.02
680,20170109,54.4
681,20170106,53.94
682,20170105,54.48
683,20170104,54.9
684,20170103,54.45
685,20161230,53.87
686,20161229,53.22
687,20161228,53.46
688,20161227,54.02
689,20161226,52.97
690,20161223,52.2
691,20161222,54.05
692,20161221,54.04
693,20161220,53.95
694,20161219,54.7
695,20161216,55.5
696,20161215,54.91
697,20161214,55.63
698,20161213,56.51
699,20161212,55.63
700,20161209,57.37
701,20161208,57.87
702,20161207,57.9
703,20161206,57.9
704,20161205,57.7
705,20161202,59.02
706,20161201,60.2
707,20161130,60.47
708,20161129,60.22
709,20161128,59.1
710,20161125,58.05
711,20161124,58.61
712,20161123,57.91
713,20161122,57.77
714,20161121,57.64
715,20161118,58.67
716,20161117,61.18
717,20161116,58.2
718,20161115,58.36
719,20161114,58.15
720,20161111,58.94
721,20161110,58.32
722,20161109,57.42
723,20161108,57.69
724,20161107,57.41
725,20161104,58.2
726,20161103,57.14
727,20161102,55.99
728,20161101,56.44
729,20161031,56.0
730,20161028,58.1
731,20161027,58.5
732,20161026,59.08
733,20161025,58.24
734,20161024,58.11
735,20161021,57.67
736,20161020,58.18
737,20161019,58.4
738,20161018,58.76
739,20161017,58.22
740,20161014,59.28
741,20161013,58.32
742,20161012,58.77
743,20161011,59.87
744,20161010,60.0
745,20160930,59.5
746,20160929,59.65
747,20160928,57.86
748,20160927,57.5
749,20160926,57.0
750,20160923,58.5
751,20160922,58.46
752,20160921,58.36
753,20160920,56.24
754,20160919,55.18
755,20160914,54.62
756,20160913,54.65
757,20160912,54.97
758,20160909,57.59
759,20160908,58.06
760,20160907,57.4
761,20160906,57.7
762,20160905,57.68
763,20160902,57.49
764,20160901,58.96
765,20160831,59.71
766,20160830,59.61
767,20160829,60.66
768,20160826,59.09
769,20160825,59.55
770,20160824,61.24
771,20160823,62.1
772,20160822,58.19
773,20160819,58.0
774,20160818,57.5
775,20160817,58.78
776,20160816,58.93
777,20160815,59.76
778,20160812,58.98
779,20160811,58.8
780,20160810,58.18
781,20160809,56.23
782,20160808,55.99
783,20160805,55.03
784,20160804,55.17
785,20160803,55.78
786,20160802,55.92
787,20160801,56.89
788,20160729,57.52
789,20160728,56.0
790,20160727,55.75
791,20160726,56.72
792,20160725,56.03
793,20160722,55.87
794,20160721,58.36
795,20160720,59.15
796,20160719,57.88
797,20160718,58.3
798,20160715,58.55
799,20160714,55.8
800,20160713,56.58
801,20160712,57.19
802,20160711,56.6
803,20160708,55.38
804,20160707,55.12
805,20160706,54.39
806,20160705,52.46
807,20160704,52.04
808,20160701,52.02
809,20160630,52.83
810,20160629,52.5
811,20160628,53.22
812,20160627,52.83
813,20160624,51.6
814,20160623,52.85
815,20160622,53.26
816,20160621,51.32
817,20160620,52.41
818,20160617,50.56
819,20160616,50.09
820,20160615,50.34
821,20160614,49.28
822,20160613,48.18
823,20160608,50.08
824,20160607,49.91
825,20160606,47.3
826,20160603,47.1
827,20160602,46.16
828,20160601,46.08
829,20160531,46.37
830,20160530,45.25
831,20160527,45.42
832,20160526,45.02
833,20160525,45.05
834,20160524,45.1
835,20160523,45.86
836,20160520,45.71
837,20160519,45.83
838,20160518,46.02
839,20160517,46.2
840,20160516,46.71
841,20160513,46.25
842,20160512,46.03
843,20160511,46.8
844,20160510,44.79
845,20160509,44.93
846,20160506,44.92
847,20160505,46.04
848,20160504,46.53
849,20160503,46.86
850,20160429,45.96
851,20160428,45.85
852,20160427,45.01
853,20160426,44.77
854,20160425,44.07
855,20160422,44.85
856,20160421,44.76
857,20160420,44.66
858,20160419,47.59
859,20160418,47.51
860,20160415,48.22
861,20160414,48.23
862,20160413,48.08
863,20160412,48.0
864,20160411,47.69
865,20160408,47.2
866,20160407,48.0
867,20160406,48.73
868,20160405,48.84
869,20160401,48.24
870,20160331,48.55
871,20160330,48.44
872,20160329,47.41
873,20160328,48.0
874,20160325,47.39
875,20160324,46.5
876,20160323,46.86
877,20160322,46.81
878,20160321,47.38
879,20160318,46.8
880,20160317,45.99
881,20160316,45.1
882,20160315,45.75
883,20160314,46.12
884,20160311,45.44
885,20160310,45.93
886,20160309,47.46
887,20160308,48.2
888,20160307,47.73
889,20160304,47.44
890,20160303,46.62
891,20160302,46.99
892,20160301,45.24
893,20160229,44.9
894,20160226,45.9
895,20160225,45.64
896,20160224,47.81
897,20160223,47.5
898,20160222,47.48
899,20160219,46.96
900,20160218,47.15
901,20160217,47.15
902,20160216,46.6
903,20160215,45.85
904,20160205,46.8
905,20160204,45.28
906,20160203,45.08
907,20160202,45.22
908,20160201,44.7
909,20160129,45.01
910,20160128,43.97
911,20160127,44.3
912,20160126,43.38
913,20160125,44.52
914,20160122,43.27
915,20160121,42.85
916,20160120,44.6
917,20160119,46.08
918,20160118,44.44
919,20160115,44.35
920,20160114,46.68
921,20160113,45.59
922,20160112,46.25
923,20160111,45.6
924,20160108,47.48
925,20160107,46.68
926,20160106,49.98
927,20160105,49.51
928,20160104,48.58
929,20151231,52.3
930,20151230,52.73
931,20151229,52.73
932,20151228,52.56
933,20151225,54.41
934,20151224,54.28
935,20151223,55.23
936,20151222,56.12
937,20151221,56.98
938,20151218,51.8
939,20151217,50.43
940,20151216,49.25
941,20151215,49.5
942,20151214,49.98
943,20151211,49.94
944,20151210,49.41
945,20151209,48.54
946,20151208,47.85
947,20151207,48.7
948,20151204,47.72
949,20151203,48.04
950,20151202,48.23
951,20151201,46.93
952,20151130,46.29
953,20151127,46.3
954,20151126,48.02
955,20151125,48.34
956,20151124,48.23
957,20151123,48.66
958,20151120,49.1
959,20151119,49.15
960,20151118,48.17
961,20151117,49.82
962,20151116,48.02
963,20151113,47.79
964,20151112,48.82
965,20151111,48.31
966,20151110,48.27
967,20151109,48.81
968,20151106,48.5
969,20151105,48.07
970,20151104,48.36
971,20151103,46.9
972,20151102,47.28
973,20151030,47.15
974,20151029,46.19
975,20151028,45.75
976,20151027,46.7
977,20151026,46.95
978,20151023,47.77
979,20151022,47.65
980,20151021,45.23
981,20151020,46.49
982,20151019,46.1
983,20151016,45.23
984,20151015,44.65
985,20151014,43.9
986,20151013,44.6
987,20151012,44.66
988,20151009,44.0
989,20151008,43.3
990,20150930,41.68
991,20150929,41.45
992,20150928,42.15
993,20150925,42.4
994,20150924,42.89
995,20150923,42.73
996,20150922,43.26
997,20150921,43.15
998,20150918,42.12
999,20150917,41.97
1000,20150916,43.13
1001,20150915,40.75
1002,20150914,40.7
1003,20150911,41.95
1004,20150910,43.35
1005,20150909,44.03
1006,20150908,43.0
1007,20150907,41.89
1008,20150902,43.19
1009,20150901,43.16
1010,20150831,43.53
1011,20150828,43.39
1012,20150827,42.05
1013,20150826,39.2
1014,20150825,38.06
1015,20150824,41.29
1016,20150821,45.88
1017,20150820,48.55
1018,20150819,48.75
1019,20150818,47.46
1020,20150817,50.25
1021,20150814,50.05
1022,20150813,50.44
1023,20150812,50.36
1024,20150811,52.0
1025,20150810,51.85
1026,20150807,49.47
1027,20150806,49.5
1028,20150805,49.79
1029,20150804,50.49
1030,20150803,47.01
1031,20150731,46.39
1032,20150730,45.73
1033,20150729,47.78
1034,20150728,46.45
1035,20150727,45.75
1036,20150724,50.83
1037,20150723,51.42
1038,20150722,50.05
1039,20150721,49.95
1040,20150720,50.13
1041,20150717,50.99
1042,20150716,49.15
1043,20150715,47.2
1044,20150714,49.55
1045,20150713,51.24
1046,20150710,47.32
1047,20150709,43.02
1048,20150708,39.11
1049,20150707,43.45
1050,20150706,46.8
1051,20150703,45.18
1052,20150702,48.8
1053,20150701,52.2
1054,20150630,54.5
1055,20150629,51.11
1056,20150626,51.8
1057,20150625,57.15
1058,20150624,59.51
1059,20150623,58.35
1060,20150619,54.5
1061,20150618,57.7
1062,20150617,58.88
1063,20150616,58.85
1064,20150615,61.7
1065,20150612,59.8
1066,20150611,59.78
1067,20150610,60.75
1068,20150609,60.01
1069,20150608,59.3
1070,20150605,59.13
1071,20150604,58.32
1072,20150603,59.87
1073,20150602,61.62
1074,20150601,61.8
1075,20150529,57.99
1076,20150528,55.1
1077,20150527,59.23
1078,20150526,58.2
1079,20150525,57.92
1080,20150522,53.15
1081,20150521,53.11
1082,20150520,50.39
1083,20150519,50.51
1084,20150518,49.22
1085,20150515,48.86
1086,20150514,49.93
1087,20150513,51.15
1088,20150512,51.53
1089,20150511,50.86
1090,20150508,49.45
1091,20150507,48.21
1092,20150506,49.1
1093,20150505,50.5
1094,20150504,53.13
1095,20150430,52.5
1096,20150429,53.8
1097,20150428,50.7
1098,20150427,50.38
1099,20150424,49.18
1100,20150423,49.79
1101,20150422,50.35
1102,20150421,49.3
1103,20150420,47.14
1104,20150417,49.37
1105,20150416,49.9
1106,20150415,48.9
1107,20150414,52.25
1108,20150413,52.48
1109,20150410,52.45
1110,20150409,51.9
1111,20150408,48.7
1112,20150407,48.6
1113,20150403,44.85
1114,20150402,43.9
1115,20150401,42.6
1116,20150331,41.71
1117,20150330,42.19
1118,20150327,41.57
1119,20150326,41.5
1120,20150325,41.8
1121,20150324,42.12
1122,20150323,41.08
1123,20150320,40.45
1124,20150319,40.77
1125,20150318,40.99
1126,20150317,40.51
1127,20150316,40.27
1128,20150313,39.72
1129,20150312,39.3
1130,20150311,39.11
1131,20150310,39.38
1132,20150309,39.31
1133,20150306,38.1
1134,20150305,39.05
1135,20150304,39.43
1136,20150303,37.89
1137,20150302,38.07
1138,20150227,38.19
1139,20150226,38.23
1140,20150225,37.78
1141,20150217,38.19
1142,20150216,38.2
1143,20150213,37.74
1144,20150212,37.3
1145,20150211,37.4
1146,20150210,37.43
1147,20150209,36.78
1148,20150206,36.7
1149,20150205,37.24
1150,20150204,37.81
1151,20150203,38.4
1152,20150202,38.22
1153,20150130,38.27
1154,20150129,38.58
1155,20150128,39.46
1156,20150127,40.08
1157,20150126,40.0
1158,20150123,39.11
1159,20150122,39.83
1160,20150121,39.54
1161,20150120,38.82
1162,20150119,37.94
1163,20150116,39.96
1164,20150115,39.4
1165,20150114,38.97
1166,20150113,39.84
1167,20150112,39.76
1168,20150109,39.13
1169,20150108,40.52
1170,20150107,40.72
1171,20150106,41.22
1172,20150105,38.9
1173,20141231,37.28
1174,20141230,37.09
1175,20141229,36.36
1176,20141226,36.63
1177,20141225,35.95
1178,20141224,36.25
1179,20141223,36.61
1180,20141222,36.31
1181,20141219,36.4
1182,20141218,36.55
1183,20141217,36.82
1184,20141216,37.48
1185,20141215,38.0
1186,20141212,37.59
1187,20141211,37.6
1188,20141210,38.0
1189,20141209,36.43
1190,20141208,36.93
1191,20141205,36.32
1192,20141204,37.6
1193,20141203,36.87
1194,20141202,36.51
1195,20141201,36.26
1196,20141128,34.77
1197,20141127,35.08
1198,20141126,34.99
1199,20141125,34.82
1200,20141124,35.04
1201,20141121,34.95
1202,20141120,34.78
1203,20141119,35.03
1204,20141118,35.15
1205,20141117,35.75
1206,20141114,35.59
1207,20141113,35.11
1208,20141112,35.13
1209,20141111,35.05
1210,20141110,35.05
1211,20141107,34.73
1212,20141106,34.73
1213,20141105,34.55
1214,20141104,33.97
1215,20141103,34.35
1216,20141031,34.16
1217,20141030,34.2
1218,20141029,34.12
1219,20141028,34.17
1220,20141027,33.81
1221,20141024,33.07
1222,20141023,33.64
1223,20141022,34.21
1224,20141021,35.12
1225,20141020,36.5
1226,20141017,35.6
1227,20141016,36.05
1228,20141015,36.53
1229,20141014,35.82
1230,20141013,36.25
1231,20141010,36.43
1232,20141009,36.16
1233,20141008,36.63
1234,20140930,34.85
1235,20140929,34.8
1236,20140926,34.99
1237,20140925,35.27
1238,20140924,34.73
1239,20140923,34.18
1240,20140922,34.1
1241,20140919,34.71
1242,20140918,34.58
1243,20140917,34.5
1244,20140916,34.88
1245,20140915,35.86
1246,20140912,35.45
1247,20140911,35.77
1248,20140910,35.58
1249,20140909,35.94
1250,20140905,36.31
1251,20140904,36.11
1252,20140903,36.16
1253,20140902,35.97
1254,20140901,35.71
1255,20140829,35.37
1256,20140828,35.18
1257,20140827,35.27
1258,20140826,35.1
1259,20140825,36.2
1260,20140822,37.5
1261,20140821,37.4
1262,20140820,37.69
1263,20140819,37.73
1264,20140818,37.62
1265,20140815,37.82
1266,20140814,36.39
1267,20140813,36.9
1268,20140812,36.27
1269,20140811,35.71
1270,20140808,35.45
1271,20140807,35.92
1272,20140806,36.5
1273,20140805,35.95
1274,20140804,36.69
1275,20140801,36.43
1276,20140731,37.04
1277,20140730,36.76
1278,20140729,36.55
1279,20140728,36.75
1280,20140725,35.9
1281,20140724,35.88
1282,20140723,35.52
1283,20140722,35.61
1284,20140721,34.96
1285,20140718,34.6
1286,20140717,34.59
1287,20140716,35.23
1288,20140715,35.52
1289,20140714,34.65
1290,20140711,34.68
1291,20140710,34.73
1292,20140709,34.59
1293,20140708,35.0
1294,20140707,33.77
1295,20140704,33.22
1296,20140703,33.65
1297,20140702,33.44
1298,20140701,33.28
1299,20140630,33.32
1300,20140627,32.62
1301,20140626,32.81
1302,20140625,32.76
1303,20140624,32.73
1304,20140623,32.95
1305,20140620,33.35
1306,20140619,32.99
1307,20140618,32.69
1308,20140617,33.32
1309,20140616,31.97
1310,20140613,31.4
1311,20140612,31.06
1312,20140611,31.35
1313,20140610,30.98
1314,20140609,30.51
1315,20140606,30.62
1316,20140605,30.68
1317,20140604,30.47
1318,20140603,31.19
1319,20140530,31.49
1320,20140529,31.5
1321,20140528,31.56
1322,20140527,31.19
1323,20140526,31.24
1324,20140523,30.87
1325,20140522,30.71
1326,20140521,30.95
1327,20140520,30.68
1328,20140519,30.75
1329,20140516,31.79
1330,20140515,32.05
1331,20140514,32.47
1332,20140513,32.3
1333,20140512,32.88
1334,20140509,32.44
1335,20140508,32.39
1336,20140507,32.09
1337,20140506,32.66
1338,20140505,32.2
1339,20140430,32.2
1340,20140429,32.39
1341,20140428,31.65
1342,20140425,33.76
1343,20140424,34.32
1344,20140423,34.61
1345,20140422,34.51
1346,20140421,34.41
1347,20140418,34.87
1348,20140417,35.2
1349,20140416,35.67
1350,20140415,35.42
1351,20140414,35.98
1352,20140411,35.95
1353,20140410,34.94
1354,20140409,34.96
1355,20140408,35.13
1356,20140404,34.37
1357,20140403,34.15
1358,20140402,34.01
1359,20140401,34.38
1360,20140331,34.1
1361,20140328,35.22
1362,20140327,35.5
1363,20140326,35.2
1364,20140325,34.66
1365,20140324,34.37
1366,20140321,34.3
1367,20140320,33.93
1368,20140319,35.11
1369,20140318,36.5
1370,20140317,36.99
1371,20140314,36.94
1372,20140313,37.63
1373,20140312,36.69
1374,20140311,37.31
1375,20140310,36.24
1376,20140307,36.97
1377,20140306,36.07
1378,20140305,36.01
1379,20140304,36.21
1380,20140303,36.52
1381,20140228,36.61
1382,20140227,35.89
1383,20140226,37.05
1384,20140225,37.39
1385,20140224,37.11
1386,20140221,37.55
1387,20140220,38.12
1388,20140219,39.17
1389,20140218,39.3
1390,20140217,38.0
1391,20140214,37.68
1392,20140213,37.32
1393,20140212,38.11
1394,20140211,37.67
1395,20140210,37.13
1396,20140207,35.53
1397,20140130,36.15
1398,20140129,36.31
1399,20140128,36.4
1400,20140127,36.6
1401,20140124,37.62
1402,20140123,37.59
1403,20140122,37.28
1404,20140121,36.6
1405,20140120,36.33
1406,20140117,37.03
1407,20140116,38.02
1408,20140115,37.76
1409,20140114,38.18
1410,20140113,37.59
1411,20140110,37.89
1412,20140109,38.3
1413,20140108,39.02
1414,20140107,39.4
1415,20140106,40.14
1416,20140103,39.79
1417,20140102,40.15
1418,20131231,39.56
1419,20131230,39.3
1420,20131227,39.3
1421,20131226,38.71
1422,20131225,38.97
1423,20131224,39.22
1424,20131223,39.33
1425,20131220,38.8
1426,20131219,39.56
1427,20131218,40.18
1428,20131217,40.08
1429,20131216,39.77
1430,20131213,40.94
1431,20131212,41.12
1432,20131211,41.05
1433,20131210,41.2
1434,20131209,41.62
1435,20131206,42.65
1436,20131205,42.93
1437,20131204,42.59
1438,20131203,41.99
1439,20131202,41.68
1440,20131129,41.09
1441,20131128,41.2
1442,20131127,40.91
1443,20131126,40.76
1444,20131125,41.01
1445,20131122,40.65
1446,20131121,40.93
1447,20131120,41.08
1448,20131119,41.16
1449,20131118,41.11
1450,20131115,41.3
1451,20131114,40.66
1452,20131113,40.37
1453,20131112,40.6
1454,20131111,40.5
1455,20131108,40.33
1456,20131107,41.15
1457,20131106,43.0
1458,20131105,44.6
1459,20131104,44.5
1460,20131101,44.44
1461,20131031,42.85
1462,20131030,43.14
1463,20131029,42.88
1464,20131028,44.0
1465,20131025,43.36
1466,20131024,43.68
1467,20131023,43.59
1468,20131022,44.87
1469,20131021,45.73
1470,20131018,44.78
1471,20131017,44.5
1472,20131016,44.76
1473,20131015,43.77
1474,20131014,43.64
1475,20131011,42.0
1476,20131010,41.28
1477,20131009,42.15
1478,20131008,42.1
1479,20130930,40.41
1480,20130927,40.78
1481,20130926,40.43
1482,20130925,40.63
1483,20130924,40.1
1484,20130923,39.51
1485,20130918,38.5
1486,20130917,38.8
1487,20130916,39.9
1488,20130913,39.82
1489,20130912,39.63
1490,20130911,39.89
1491,20130910,39.12
1492,20130909,39.25
1493,20130906,38.74
1494,20130905,38.95
1495,20130904,39.97
1496,20130903,39.66
1497,20130902,39.32
1498,20130830,40.18
1499,20130829,40.55
1500,20130828,40.5
1501,20130827,42.1
1502,20130826,42.5
1503,20130823,42.53
1504,20130822,43.02
1505,20130821,42.68
1506,20130820,43.2
1507,20130819,43.0
1508,20130816,42.0
1509,20130815,42.31
1510,20130814,43.74
1511,20130813,44.02
1512,20130812,43.85
1513,20130809,42.4
1514,20130808,42.21
1515,20130807,42.15
1516,20130806,43.48
1517,20130805,44.0
1518,20130802,42.42
1519,20130801,42.8
1520,20130731,42.36
1521,20130730,42.19
1522,20130729,43.33
1523,20130726,42.53
1524,20130725,41.34
1525,20130724,41.19
1526,20130723,41.25
1527,20130722,40.35
1528,20130719,39.86
1529,20130718,42.08
1530,20130717,42.88
1531,20130716,44.02
1532,20130715,43.5
1533,20130711,41.96
1534,20130710,41.65
1535,20130709,42.51
1536,20130708,41.81
1537,20130705,40.73
1538,20130704,41.5
1539,20130703,42.5
1540,20130702,41.58
1541,20130701,39.22
1542,20130628,38.68
1543,20130627,38.96
1544,20130626,38.44
1545,20130625,37.41
1546,20130624,38.5
1547,20130621,40.5
1548,20130620,40.1
1549,20130619,41.65
1550,20130618,41.94
1551,20130617,41.9
1552,20130614,41.66
1553,20130613,40.38
1554,20130607,40.01
1555,20130606,41.02
1556,20130605,43.3
1557,20130604,43.49
1558,20130603,43.96
1559,20130531,44.08
1560,20130530,43.47
1561,20130529,43.51
1562,20130528,43.41
1563,20130527,44.32
1564,20130524,44.57
1565,20130523,44.22
1566,20130522,44.72
1567,20130521,45.02
1568,20130520,43.93
1569,20130517,44.14
1570,20130516,44.19
1571,20130515,43.13
1572,20130514,43.5
1573,20130513,44.09
1574,20130510,44.72
1575,20130509,45.52
1576,20130508,44.69
1577,20130507,43.01
1578,20130506,43.4
1579,20130503,42.3
1580,20130502,41.75
1581,20130426,41.87
1582,20130425,43.08
1583,20130424,43.45
1584,20130423,42.24
1585,20130422,41.89
1586,20130419,42.82
1587,20130418,42.0
1588,20130417,45.78
1589,20130416,45.45
1590,20130415,45.55
1591,20130412,45.5
1592,20130411,45.7
1593,20130410,45.66
1594,20130409,47.13
1595,20130408,47.31
1596,20130403,49.6
1597,20130402,49.95
1598,20130401,51.67
1599,20130329,52.1
1600,20130328,53.3
1601,20130327,54.59
1602,20130326,53.02
1603,20130325,53.25
1604,20130322,53.58
1605,20130321,52.16
1606,20130320,50.28
1607,20130319,49.68
1608,20130318,50.69
1609,20130315,51.04
1610,20130314,49.99
1611,20130313,48.6
1612,20130312,48.98
1613,20130311,49.35
1614,20130308,47.81
1615,20130307,48.38
1616,20130306,50.0
1617,20130305,49.45
1618,20130304,48.51
1619,20130301,49.02
1620,20130228,47.6
1621,20130227,46.8
1622,20130226,47.4
1623,20130225,48.23
1624,20130222,48.25
1625,20130221,49.45
1626,20130220,50.99
1627,20130219,48.44
1628,20130218,49.4
1629,20130208,49.4
1630,20130207,48.48
1631,20130206,47.81
1632,20130205,47.3
1633,20130204,45.39
1634,20130201,46.3
1635,20130131,46.75
1636,20130130,47.65
1637,20130129,47.4
1638,20130128,48.18
1639,20130125,48.0
1640,20130124,46.8
1641,20130123,46.95
1642,20130122,46.4
1643,20130121,48.1
1644,20130118,47.53
1645,20130117,46.85
1646,20130116,46.35
1647,20130115,43.81
1648,20130114,43.64
1649,20130111,43.0
1650,20130110,42.5
1651,20130109,42.95
1652,20130108,42.8
1653,20130107,41.04
1654,20130104,39.5
1655,20121231,40.41
1656,20121228,40.42
1657,20121227,39.85
1658,20121226,40.09
1659,20121225,40.38
1660,20121224,39.75
1661,20121221,39.35
1662,20121220,38.78
1663,20121219,39.17
1664,20121218,38.58
1665,20121217,39.03
1666,20121214,39.7
1667,20121213,38.78
1668,20121212,38.66
1669,20121211,38.98
1670,20121210,38.95
1671,20121207,39.26
1672,20121206,39.4
1673,20121205,38.44
1674,20121204,37.47
1675,20121203,37.02
1676,20121130,37.5
1677,20121129,37.53
1678,20121128,37.42
1679,20121127,37.12
1680,20121126,38.31
1681,20121123,38.7
1682,20121122,38.42
1683,20121121,38.27
1684,20121120,38.41
1685,20121119,38.8
1686,20121116,39.15
1687,20121115,40.05
1688,20121114,40.29
1689,20121113,39.29
1690,20121112,39.2
1691,20121109,39.72
1692,20121108,40.28
1693,20121107,40.37
1694,20121106,41.13
1695,20121105,41.28
1696,20121102,42.07
1697,20121101,42.05
1698,20121031,41.46
1699,20121030,40.68
1700,20121029,41.32
1701,20121026,41.21
1702,20121025,40.5
1703,20121024,40.65
1704,20121023,40.78
1705,20121022,42.06
1706,20121019,41.78
1707,20121018,42.07
1708,20121017,41.61
1709,20121016,41.68
1710,20121015,40.37
1711,20121012,39.58
1712,20121011,39.75
1713,20121010,39.92
1714,20121009,39.92
1715,20121008,38.59
1716,20120928,38.72
1717,20120927,38.85
1718,20120926,37.91
1719,20120925,38.23
1720,20120924,38.33
1721,20120921,36.79
1722,20120920,36.1
1723,20120919,36.9
1724,20120918,36.76
1725,20120917,36.03
1726,20120914,36.4
1727,20120913,36.5
1728,20120912,35.87
1729,20120911,36.09
1730,20120910,35.9
1731,20120907,36.13
1732,20120906,35.15
1733,20120905,35.07
1734,20120904,34.59
1735,20120903,35.05
1736,20120831,34.61
1737,20120830,34.75
1738,20120829,36.3
1739,20120828,36.3
1740,20120827,36.25
1741,20120824,36.16
1742,20120823,36.15
1743,20120822,36.1
1744,20120821,36.22
1745,20120820,35.9
1746,20120817,35.4
1747,20120816,36.8
1748,20120815,38.49
1749,20120814,38.19
1750,20120813,37.9
1751,20120810,37.8
1752,20120809,38.23
1753,20120808,37.75
1754,20120807,38.46
1755,20120806,38.38
1756,20120803,37.27
1757,20120802,37.0
1758,20120801,36.83
1759,20120731,36.65
1760,20120730,37.79
1761,20120727,38.19
1762,20120726,38.69
1763,20120725,38.72
1764,20120724,38.66
1765,20120723,38.61
1766,20120720,38.9
1767,20120719,39.0
1768,20120718,39.5
1769,20120717,39.64
1770,20120716,39.76
1771,20120713,40.36
1772,20120712,39.89
1773,20120711,39.22
1774,20120710,38.45
1775,20120709,40.5
1776,20120706,41.19
1777,20120705,39.6
1778,20120704,40.4
1779,20120703,40.3
1780,20120702,41.0
1781,20120629,40.01
1782,20120628,39.38
1783,20120627,38.99
1784,20120626,39.7
1785,20120625,39.4
1786,20120621,39.37
1787,20120620,39.5
1788,20120619,41.2
1789,20120615,42.55
1790,20120614,42.5
1791,20120613,42.49
1792,20120612,41.3
1793,20120611,41.0
1794,20120608,39.91
1795,20120607,39.98
1796,20120606,40.4
1797,20120605,40.61
1798,20120604,40.3
1799,20120601,40.16
1800,20120531,39.22
1801,20120530,38.87
1802,20120529,39.38
1803,20120528,39.09
1804,20120525,37.95
1805,20120524,38.56
1806,20120523,39.6
1807,20120522,39.45
1808,20120521,38.92
1809,20120518,38.75
1810,20120517,39.56
1811,20120516,39.27
1812,20120515,39.8
1813,20120514,40.59
1814,20120511,40.11
1815,20120510,40.4
1816,20120509,40.01
1817,20120508,40.88
1818,20120507,41.25
1819,20120504,41.08
1820,20120503,40.49
1821,20120502,39.9
1822,20120427,38.81
1823,20120426,38.45
1824,20120425,38.93
1825,20120424,39.0
1826,20120423,39.2
1827,20120420,39.47
1828,20120419,39.25
1829,20120418,39.57
1830,20120417,41.35
1831,20120416,41.67
1832,20120413,41.95
1833,20120412,41.89
1834,20120411,41.36
1835,20120410,41.22
1836,20120409,40.95
1837,20120406,41.41
1838,20120405,41.18
1839,20120330,40.32
1840,20120329,41.03
1841,20120328,41.55
1842,20120327,42.67
1843,20120326,42.86
1844,20120323,42.32
1845,20120322,42.93
1846,20120321,43.53
1847,20120320,44.05
1848,20120319,45.32
1849,20120316,45.0
1850,20120315,44.5
1851,20120314,43.37
1852,20120313,43.55
1853,20120312,43.5
1854,20120309,42.5
1855,20120308,42.0
1856,20120307,42.01
1857,20120306,41.71
1858,20120305,42.4
1859,20120302,43.44
1860,20120301,42.9
1861,20120229,43.92
1862,20120228,43.45
1863,20120227,43.3
1864,20120224,42.93
1865,20120223,42.1
1866,20120222,42.37
1867,20120221,41.88
1868,20120220,41.47
1869,20120217,41.75
1870,20120216,42.53
1871,20120215,42.83
1872,20120214,42.75
1873,20120213,42.38
1874,20120210,42.15
1875,20120209,42.4
1876,20120208,42.14
1877,20120207,41.6
1878,20120206,42.09
1879,20120203,41.62
1880,20120202,41.38
1881,20120201,40.4
1882,20120131,40.38
1883,20120130,40.21
1884,20120120,40.41
1885,20120119,38.95
1886,20120118,38.94
1887,20120117,40.6
1888,20120116,39.74
1889,20120113,41.8
1890,20120112,42.45
1891,20120111,43.0
1892,20120110,42.71
1893,20120109,41.8
1894,20120106,39.9
1895,20120105,39.46
1896,20120104,41.0
1897,20111230,42.95
1898,20111229,42.56
1899,20111228,41.99
1900,20111227,42.5
1901,20111226,43.1
1902,20111223,44.9
1903,20111222,45.0
1904,20111221,45.21
1905,20111220,45.82
1906,20111219,46.22
1907,20111216,45.32
1908,20111215,43.86
1909,20111214,45.09
1910,20111213,44.8
1911,20111212,46.05
1912,20111209,45.5
1913,20111208,46.21
1914,20111207,48.0
1915,20111206,47.9
1916,20111205,47.5
1917,20111202,48.9
1918,20111201,48.9
1919,20111130,48.99
1920,20111129,49.99
1921,20111128,49.63
1922,20111125,48.08
1923,20111124,47.9
1924,20111123,46.9
1925,20111122,46.66
1926,20111121,47.0
1927,20111118,46.79
1928,20111117,47.71
1929,20111116,47.46
1930,20111115,48.06
1931,20111114,48.02
1932,20111111,46.98
1933,20111110,47.18
1934,20111109,46.73
1935,20111108,46.71
1936,20111107,47.59
1937,20111104,47.39
1938,20111103,47.61
1939,20111102,47.21
1940,20111101,45.7
1941,20111031,44.98
1942,20111028,45.13
1943,20111027,44.34
1944,20111026,44.58
1945,20111025,44.37
1946,20111024,42.97
1947,20111021,41.92
1948,20111020,41.94
1949,20111019,43.21
1950,20111018,42.98
1951,20111017,43.3
1952,20111014,42.8
1953,20111013,43.15
1954,20111012,42.79
1955,20111011,41.5
1956,20111010,42.1
1957,20110930,41.49
1958,20110929,40.9
1959,20110928,41.41
1960,20110927,41.88
1961,20110926,42.0
1962,20110923,42.7
1963,20110922,43.81
1964,20110921,44.88
1965,20110920,43.88
1966,20110919,42.95
1967,20110916,43.9
1968,20110915,43.8
1969,20110914,43.9
1970,20110913,44.39
1971,20110909,44.35
1972,20110908,44.85
1973,20110907,45.28
1974,20110906,43.9
1975,20110905,43.89
1976,20110902,45.5
1977,20110831,46.2
1978,20110830,46.21
1979,20110829,46.84
1980,20110826,46.78
1981,20110825,47.16
1982,20110824,46.4
1983,20110823,45.16
1984,20110822,45.49
1985,20110819,46.87
1986,20110818,46.06
1987,20110817,46.05
1988,20110816,46.21
1989,20110815,48.0
1990,20110812,47.7
1991,20110811,47.1
1992,20110810,44.37
1993,20110809,43.8
1994,20110808,44.0
1995,20110805,43.9
1996,20110804,43.0
1997,20110803,43.78
1998,20110802,44.21
1999,20110801,44.85
2000,20110729,44.6
2001,20110728,45.99
2002,20110727,46.56
2003,20110726,46.7
2004,20110725,45.95
2005,20110722,46.43
2006,20110721,45.45
2007,20110720,44.45
2008,20110719,44.9
2009,20110718,45.1
2010,20110715,45.82
2011,20110714,44.21
2012,20110713,44.22
2013,20110712,43.34
2014,20110711,43.49
2015,20110708,42.7
2016,20110707,41.69
2017,20110706,41.5
2018,20110705,41.69
2019,20110704,42.15
2020,20110701,41.79
2021,20110630,41.26
2022,20110629,40.82
2023,20110627,40.1
2024,20110624,40.08
2025,20110623,38.72
2026,20110622,37.99
2027,20110621,38.1
2028,20110620,37.22
2029,20110617,36.99
2030,20110616,38.3
2031,20110615,40.17
2032,20110614,41.57
2033,20110613,41.4
2034,20110610,41.86
2035,20110609,41.52
2036,20110608,42.03
2037,20110607,42.53
2038,20110603,42.79
2039,20110602,42.8
2040,20110601,43.16
2041,20110531,43.1
2042,20110530,42.35
2043,20110527,42.45
2044,20110526,42.6
2045,20110525,43.35
2046,20110524,43.91
2047,20110523,43.88
2048,20110520,45.95
2049,20110519,46.23
2050,20110518,45.72
2051,20110517,45.02
2052,20110516,45.48
2053,20110513,46.3
2054,20110512,46.2
2055,20110511,46.5
2056,20110510,46.57
2057,20110509,47.33
2058,20110506,47.52
2059,20110505,47.38
2060,20110504,45.95
2061,20110503,46.3
2062,20110429,45.01
2063,20110428,44.1
2064,20110427,45.71
2065,20110426,46.03
2066,20110425,46.03
2067,20110422,45.73
2068,20110421,45.69
2069,20110420,46.0
2070,20110419,44.56
2071,20110418,44.4
2072,20110415,43.77
2073,20110414,45.0
2074,20110413,44.77
2075,20110412,44.7
2076,20110411,44.62
2077,20110408,44.55
2078,20110407,41.5
2079,20110406,41.2
2080,20110401,42.42
2081,20110331,43.09
2082,20110330,42.75
2083,20110329,42.21
2084,20110328,43.95
2085,20110325,45.43
2086,20110324,44.8
2087,20110323,44.93
2088,20110322,43.65
2089,20110321,44.97
2090,20110318,46.21
2091,20110317,46.21
2092,20110316,47.69
2093,20110315,48.34
2094,20110314,49.35
2095,20110311,48.13
2096,20110310,47.79
2097,20110309,47.19
2098,20110308,47.5
2099,20110307,47.29
2100,20110304,48.05
2101,20110303,48.42
2102,20110302,48.05
2103,20110301,48.23
2104,20110228,48.59
2105,20110225,48.97
2106,20110224,49.5
2107,20110223,50.0
2108,20110222,49.0
2109,20110221,49.65
2110,20110218,49.36
2111,20110217,50.98
2112,20110216,52.5
2113,20110215,52.49
2114,20110214,49.98
2115,20110211,49.58
2116,20110210,50.58
2117,20110209,48.75
2118,20110201,50.56
2119,20110131,50.91
2120,20110128,50.5
2121,20110127,49.99
2122,20110126,49.62
2123,20110125,48.9
2124,20110124,49.34
2125,20110121,51.1
2126,20110120,53.05
2127,20110119,55.67
2128,20110118,53.88
2129,20110117,51.96
2130,20110114,53.78
2131,20110113,54.0
2132,20110112,52.4
2133,20110111,54.0
2134,20110110,54.77
2135,20110107,57.2
2136,20110106,56.0
2137,20110105,55.7
2138,20110104,54.18
2139,20101231,51.1
2140,20101230,50.35
2141,20101229,48.47
2142,20101228,47.22
2143,20101227,48.05
2144,20101224,50.55
2145,20101223,50.16
2146,20101222,49.98
2147,20101221,51.09
2148,20101220,51.76
2149,20101217,54.0
2150,20101216,54.38
2151,20101215,53.14
2152,20101214,50.5
2153,20101213,50.3
2154,20101210,50.88
2155,20101209,49.3
2156,20101208,49.6
2157,20101207,49.33
2158,20101206,48.5
2159,20101203,48.4
2160,20101202,48.57
2161,20101201,48.95
2162,20101130,49.8
2163,20101129,51.43
2164,20101126,50.4
2165,20101125,51.43
2166,20101124,52.5
2167,20101123,51.29
2168,20101122,51.06
2169,20101119,49.68
2170,20101118,48.69
2171,20101117,46.9
2172,20101116,50.6
2173,20101115,54.29
2174,20101112,51.07
2175,20101110,53.25
2176,20101109,49.45
2177,20101108,47.5
2178,20101105,47.7
2179,20101104,47.88
2180,20101103,45.89
2181,20101102,45.7
2182,20101101,46.44
2183,20101029,45.9
2184,20101028,44.5
2185,20101027,45.18
2186,20101026,46.26
2187,20101025,46.48
2188,20101022,47.21
2189,20101021,47.0
2190,20101020,47.18
2191,20101019,46.88
2192,20101018,47.32
2193,20101015,44.6
2194,20101014,45.1
2195,20101013,47.17
2196,20101012,47.0
2197,20101011,47.0
2198,20101008,50.06
2199,20100930,49.28
2200,20100929,48.88
2201,20100928,49.42
2202,20100927,50.19
2203,20100921,49.72
2204,20100920,49.9
2205,20100917,49.0
2206,20100916,46.35
2207,20100915,46.08
2208,20100914,46.26
2209,20100910,47.41
2210,20100909,44.23
2211,20100908,44.08
2212,20100907,43.11
2213,20100906,42.56
2214,20100903,42.33
2215,20100902,42.79
2216,20100901,42.65
2217,20100831,43.8
2218,20100830,43.7
2219,20100827,42.39
2220,20100826,42.09
2221,20100825,40.85
2222,20100824,40.66
2223,20100823,40.6
2224,20100820,40.0
2225,20100819,41.67
2226,20100818,42.05
2227,20100817,42.37
2228,20100816,42.36
2229,20100813,40.76
2230,20100812,40.0
2231,20100811,40.2
2232,20100810,40.2
2233,20100809,40.88
2234,20100806,41.0
2235,20100805,39.4
2236,20100804,38.6
2237,20100803,38.51
2238,20100802,39.69
2239,20100730,39.48
2240,20100729,39.96
2241,20100728,39.76
2242,20100727,39.21
2243,20100726,39.3
2244,20100723,37.9
2245,20100722,37.25
2246,20100721,37.2
2247,20100720,37.1
2248,20100719,35.95
2249,20100716,35.9
2250,20100715,36.01
2251,20100714,35.8
2252,20100713,35.99
2253,20100712,36.04
2254,20100709,36.4
2255,20100708,36.01
2256,20100707,36.05
2257,20100706,35.15
2258,20100705,33.76
2259,20100702,32.7
2260,20100701,33.3
2261,20100630,34.76
2262,20100629,33.28
2263,20100628,35.45
2264,20100625,35.8
2265,20100624,36.75
2266,20100623,36.26
2267,20100622,36.08
2268,20100621,35.45
2269,20100618,34.68
2270,20100617,36.3
2271,20100611,38.0
2272,20100610,38.62
2273,20100609,38.5
2274,20100608,38.88
2275,20100607,39.1
2276,20100604,37.95
2277,20100603,36.85
2278,20100602,36.26
2279,20100601,36.26
2280,20100531,37.09
2281,20100527,35.76
2282,20100526,35.5
2283,20100525,35.41
2284,20100524,35.25
2285,20100521,33.35
2286,20100520,33.2
2287,20100519,33.9
2288,20100518,34.21
2289,20100517,34.26
2290,20100514,35.01
2291,20100513,32.92
2292,20100512,31.75
2293,20100511,31.89
2294,20100510,32.43
2295,20100507,32.66
2296,20100506,34.4
2297,20100505,34.62
2298,20100504,33.72
2299,20100430,32.98
2300,20100429,33.39
2301,20100428,34.8
2302,20100427,33.91
2303,20100426,34.82
2304,20100423,34.91
2305,20100422,34.13
2306,20100421,34.21
2307,20100420,33.87
2308,20100419,31.76
2309,20100416,31.39
2310,20100415,31.39
2311,20100414,32.5
2312,20100413,31.96
2313,20100412,31.9
2314,20100409,31.01
2315,20100408,31.11
2316,20100407,30.71
2317,20100406,29.62
2318,20100402,28.83
2319,20100401,28.6
2320,20100331,28.2
2321,20100330,27.88
2322,20100329,28.24
2323,20100326,27.3
2324,20100325,27.51
2325,20100324,27.95
2326,20100323,27.64
2327,20100322,27.8
2328,20100319,27.95
2329,20100318,27.81
2330,20100317,28.04
2331,20100316,27.7
2332,20100312,27.48
2333,20100311,27.32
2334,20100310,27.9
2335,20100309,28.14
2336,20100308,28.22
2337,20100305,27.87
2338,20100304,28.0
2339,20100303,29.0
2340,20100302,29.08
2341,20100301,29.36
2342,20100226,30.05
2343,20100225,29.4
2344,20100224,29.3
2345,20100223,28.44
2346,20100222,29.2
2347,20100212,28.58
2348,20100211,28.53
2349,20100210,28.7
2350,20100209,29.19
2351,20100208,28.91
2352,20100205,28.89
2353,20100204,28.9
2354,20100203,29.03
2355,20100202,29.75
2356,20100201,29.6
2357,20100128,29.1
2358,20100127,26.45
2359,20100126,25.88
2360,20100125,26.6
2361,20100122,27.24
2362,20100121,27.64
2363,20100120,26.78
2364,20100119,27.32
2365,20100118,27.2
2366,20100115,26.1
2367,20100114,26.3
2368,20100113,25.7
2369,20100112,25.2
2370,20100111,24.7
2371,20100108,24.85
2372,20100107,24.5
2373,20100106,25.7
2374,20100105,25.86
2375,20100104,25.62
