ts_code,trade_date,pre_close,open,high,low,close,change,pct_chg,vol,amount
160807.SZ,20200311,1.352,1.35,1.358,1.335,1.335,-0.017,-1.2574,7723.55,1040.6
160807.SZ,20200310,1.488,1.339,1.37,1.339,1.352,-0.136,-9.1398,25052.82,3369.27
160807.SZ,20200309,1.653,1.488,1.488,1.488,1.488,-0.165,-9.9819,4584.0,682.099
160807.SZ,20200306,1.503,1.503,1.653,1.501,1.653,0.15,9.98,2521.05,410.336
160807.SZ,20200305,1.366,1.39,1.503,1.39,1.503,0.137,10.0293,2460.45,358.489
160807.SZ,20200303,1.368,1.369,1.369,1.366,1.366,-0.002,-0.1462,114.53,15.676
160807.SZ,20200302,1.32,1.364,1.368,1.364,1.368,0.048,3.6364,810.0,110.783
160807.SZ,20200228,1.35,1.421,1.421,1.265,1.32,-0.03,-2.2222,278.68,36.86
160807.SZ,20200227,1.343,1.343,1.35,1.343,1.35,0.007,0.5212,13.0,1.75
160807.SZ,20200226,1.366,1.36,1.36,1.343,1.343,-0.023,-1.6837,194.74,26.476
160807.SZ,20200225,1.35,1.311,1.37,1.311,1.366,0.016,1.1852,87.74,11.718
160807.SZ,20200224,1.355,1.347,1.472,1.344,1.35,-0.005,-0.369,98.0,13.562
160807.SZ,20200221,1.355,1.355,1.355,1.355,1.355,0.0,0.0,10.0,1.355
160807.SZ,20200220,1.342,1.341,1.355,1.341,1.355,0.013,0.9687,411.05,55.247
160807.SZ,20200219,1.319,1.324,1.342,1.324,1.342,0.023,1.7437,243.0,32.596
160807.SZ,20200218,1.324,1.323,1.342,1.313,1.319,-0.005,-0.3776,757.65,100.293
160807.SZ,20200217,1.298,1.332,1.332,1.301,1.324,0.026,2.0031,446.49,58.503
160807.SZ,20200214,1.287,1.282,1.363,1.282,1.298,0.011,0.8547,857.63,115.194
160807.SZ,20200213,1.308,1.302,1.302,1.287,1.287,-0.021,-1.6055,141.02,18.36
160807.SZ,20200212,1.287,1.286,1.308,1.286,1.308,0.021,1.6317,430.07,55.38
160807.SZ,20200211,1.278,1.281,1.291,1.28,1.287,0.009,0.7042,974.23,124.819
160807.SZ,20200210,1.26,1.26,1.287,1.185,1.278,0.018,1.4286,765.46,97.215
160807.SZ,20200207,1.301,1.289,1.29,1.248,1.26,-0.041,-3.1514,1260.53,159.797
160807.SZ,20200206,1.433,1.29,1.4,1.29,1.301,-0.132,-9.2114,572.59,74.71
160807.SZ,20200205,1.303,1.238,1.433,1.238,1.433,0.13,9.977,508.71,71.891
160807.SZ,20200204,1.2,1.25,1.319,1.25,1.303,0.103,8.5833,601.68,76.485
160807.SZ,20200203,1.331,1.218,1.219,1.2,1.2,-0.131,-9.8422,263.0,31.644
160807.SZ,20200123,1.342,1.302,1.331,1.302,1.331,-0.011,-0.8197,470.16,61.857
160807.SZ,20200122,1.353,1.307,1.349,1.307,1.342,-0.011,-0.813,462.88,62.22
160807.SZ,20200121,1.351,1.355,1.394,1.353,1.353,0.002,0.148,414.29,56.58
160807.SZ,20200120,1.43,1.455,1.455,1.436,1.438,0.008,0.5594,272.17,39.107
160807.SZ,20200117,1.439,1.418,1.43,1.418,1.43,-0.009,-0.6254,170.3,24.252
160807.SZ,20200116,1.561,1.42,1.439,1.42,1.439,-0.122,-7.8155,44.21,6.296
160807.SZ,20200115,1.562,1.428,1.561,1.428,1.561,-0.001,-0.064,3.0,0.455
160807.SZ,20200114,1.42,1.477,1.562,1.477,1.562,0.142,10.0,482.66,71.792
160807.SZ,20200110,1.412,1.412,1.42,1.412,1.42,0.008,0.5666,128.0,18.124
160807.SZ,20200106,1.426,1.412,1.412,1.412,1.412,-0.014,-0.9818,5.11,0.721
160807.SZ,20200103,1.426,1.417,1.426,1.417,1.426,0.0,0.0,65.0,9.268
160807.SZ,20200102,1.4,1.423,1.43,1.423,1.426,0.026,1.8571,9.0,1.284
160807.SZ,20191231,1.393,1.396,1.4,1.396,1.4,0.007,0.5025,69.0,9.659
160807.SZ,20191230,1.391,1.373,1.395,1.373,1.393,0.002,0.1438,141.0,19.639
160807.SZ,20191227,1.369,1.391,1.391,1.391,1.391,0.022,1.607,50.0,6.955
160807.SZ,20191224,1.371,1.361,1.369,1.361,1.369,-0.002,-0.1459,158.6,21.599
160807.SZ,20191223,1.376,1.371,1.371,1.371,1.371,-0.005,-0.3634,2.0,0.274
160807.SZ,20191220,1.372,1.376,1.376,1.376,1.376,0.004,0.2915,37.0,5.091
160807.SZ,20191219,1.383,1.372,1.372,1.372,1.372,-0.011,-0.7954,4.0,0.548
160807.SZ,20191217,1.353,1.375,1.386,1.375,1.383,0.03,2.2173,8.0,1.105
160807.SZ,20191216,1.355,1.353,1.353,1.353,1.353,-0.002,-0.1476,2.0,0.27
160807.SZ,20191213,1.333,1.351,1.355,1.351,1.355,0.022,1.6504,16.0,2.166
160807.SZ,20191211,1.31,1.333,1.333,1.333,1.333,0.023,1.7557,3.0,0.399
160807.SZ,20191203,1.326,1.31,1.31,1.31,1.31,-0.016,-1.2066,10.0,1.31
160807.SZ,20191129,1.337,1.326,1.326,1.326,1.326,-0.011,-0.8227,115.0,15.249
160807.SZ,20191122,1.34,1.337,1.337,1.337,1.337,-0.003,-0.2239,1.0,0.133
160807.SZ,20191120,1.33,1.343,1.343,1.337,1.34,0.01,0.7519,4.0,0.536
160807.SZ,20191118,1.323,1.316,1.33,1.316,1.33,0.007,0.5291,13.0,1.724
160807.SZ,20191114,1.336,1.323,1.323,1.323,1.323,-0.013,-0.9731,10.0,1.323
160807.SZ,20191112,1.337,1.336,1.336,1.336,1.336,-0.001,-0.0748,116.0,15.497
160807.SZ,20191111,1.356,1.353,1.356,1.337,1.337,-0.019,-1.4012,22.0,2.979
160807.SZ,20191108,1.343,1.366,1.366,1.356,1.356,0.013,0.968,17.0,2.32
160807.SZ,20191107,1.356,1.343,1.343,1.343,1.343,-0.013,-0.9587,31.0,4.163
160807.SZ,20191105,1.349,1.356,1.356,1.356,1.356,0.007,0.5189,11.0,1.491
160807.SZ,20191104,1.341,1.349,1.349,1.349,1.349,0.008,0.5966,29.0,3.912
160807.SZ,20191101,1.323,1.34,1.341,1.34,1.341,0.018,1.3605,3.0,0.402
160807.SZ,20191029,1.321,1.323,1.323,1.323,1.323,0.002,0.1514,418.0,55.301
160807.SZ,20191025,1.303,1.321,1.321,1.321,1.321,0.018,1.3814,1.0,0.132
160807.SZ,20191024,1.313,1.303,1.303,1.303,1.303,-0.01,-0.7616,79.0,10.293
160807.SZ,20191021,1.319,1.304,1.315,1.304,1.313,-0.006,-0.4549,210.0,27.393
160807.SZ,20191018,1.328,1.322,1.322,1.319,1.319,-0.009,-0.6777,4.0,0.528
160807.SZ,20191016,1.326,1.328,1.328,1.328,1.328,0.002,0.1508,1.0,0.132
160807.SZ,20191015,1.344,1.326,1.326,1.326,1.326,-0.018,-1.3393,10.42,1.381
160807.SZ,20191014,1.322,1.323,1.344,1.323,1.344,0.022,1.6641,192.42,25.535
160807.SZ,20191011,1.31,1.322,1.322,1.322,1.322,0.012,0.916,1.0,0.132
160807.SZ,20190930,1.314,1.31,1.31,1.31,1.31,-0.004,-0.3044,5.0,0.655
160807.SZ,20190927,1.325,1.314,1.314,1.314,1.314,-0.011,-0.8302,155.42,20.422
160807.SZ,20190924,1.32,1.323,1.325,1.323,1.325,0.005,0.3788,290.0,38.422
160807.SZ,20190923,1.318,1.32,1.32,1.32,1.32,0.002,0.1517,4.0,0.528
160807.SZ,20190920,1.323,1.319,1.319,1.318,1.318,-0.005,-0.3779,1000.05,131.807
160807.SZ,20190917,1.335,1.328,1.328,1.323,1.323,-0.012,-0.8989,98.0,12.99
160807.SZ,20190910,1.33,1.335,1.335,1.335,1.335,0.005,0.3759,3.0,0.4
160807.SZ,20190909,1.323,1.33,1.33,1.33,1.33,0.007,0.5291,60.0,7.98
160807.SZ,20190906,1.334,1.323,1.323,1.323,1.323,-0.011,-0.8246,100.0,13.23
160807.SZ,20190905,1.295,1.323,1.335,1.323,1.334,0.039,3.0116,96.0,12.804
160807.SZ,20190904,1.288,1.293,1.295,1.293,1.295,0.007,0.5435,39.0,5.05
160807.SZ,20190902,1.288,1.288,1.288,1.288,1.288,0.0,0.0,24.0,3.091
160807.SZ,20190830,1.279,1.288,1.288,1.288,1.288,0.009,0.7037,1.0,0.128
160807.SZ,20190828,1.285,1.279,1.279,1.279,1.279,-0.006,-0.4669,6.0,0.767
160807.SZ,20190827,1.29,1.279,1.285,1.279,1.285,-0.005,-0.3876,18.0,2.31
160807.SZ,20190821,1.277,1.29,1.29,1.29,1.29,0.013,1.018,46.0,5.934
160807.SZ,20190819,1.278,1.277,1.277,1.271,1.277,-0.001,-0.0782,65.0,8.294
160807.SZ,20190816,1.26,1.268,1.278,1.268,1.278,0.018,1.4286,51.0,6.467
160807.SZ,20190813,1.252,1.237,1.26,1.237,1.26,0.008,0.639,116.0,14.611
160807.SZ,20190809,1.246,1.255,1.255,1.252,1.252,0.006,0.4815,57.0,7.15
160807.SZ,20190808,1.269,1.246,1.246,1.246,1.246,-0.023,-1.8125,2.0,0.249
160807.SZ,20190805,1.28,1.269,1.269,1.269,1.269,-0.011,-0.8594,24.0,3.045
160807.SZ,20190801,1.29,1.28,1.28,1.28,1.28,-0.01,-0.7752,1.0,0.128
160807.SZ,20190724,1.269,1.285,1.29,1.285,1.29,0.021,1.6548,12.0,1.547
160807.SZ,20190719,1.276,1.269,1.269,1.269,1.269,-0.007,-0.5486,1.0,0.126
160807.SZ,20190718,1.263,1.276,1.281,1.276,1.276,0.013,1.0293,80.0,10.239
160807.SZ,20190716,1.279,1.263,1.263,1.263,1.263,-0.016,-1.251,20.0,2.526
160807.SZ,20190715,1.267,1.279,1.279,1.279,1.279,0.012,0.9471,20.0,2.558
160807.SZ,20190712,1.266,1.267,1.267,1.267,1.267,0.001,0.079,1.0,0.126
160807.SZ,20190711,1.26,1.267,1.267,1.266,1.266,0.006,0.4762,3.0,0.379
160807.SZ,20190709,1.271,1.26,1.26,1.26,1.26,-0.011,-0.8655,4.0,0.504
160807.SZ,20190708,1.289,1.283,1.283,1.263,1.271,-0.018,-1.3964,110.15,14.118
160807.SZ,20190705,1.287,1.289,1.289,1.289,1.289,0.002,0.1554,1.0,0.128
160807.SZ,20190704,1.309,1.287,1.287,1.287,1.287,-0.022,-1.6807,1.0,0.128
160807.SZ,20190703,1.298,1.309,1.309,1.309,1.309,0.011,0.8475,2.0,0.261
160807.SZ,20190701,1.253,1.289,1.298,1.289,1.298,0.045,3.5914,8.0,1.035
160807.SZ,20190628,1.268,1.256,1.258,1.253,1.253,-0.015,-1.183,8.0,1.004
160807.SZ,20190627,1.238,1.263,1.268,1.263,1.268,0.03,2.4233,7.0,0.887
160807.SZ,20190625,1.258,1.261,1.261,1.238,1.238,-0.02,-1.5898,16.0,1.983
160807.SZ,20190624,1.252,1.263,1.263,1.258,1.258,0.006,0.4792,23.0,2.894
160807.SZ,20190621,1.239,1.261,1.261,1.248,1.252,0.013,1.0492,12.0,1.502
160807.SZ,20190620,1.2,1.239,1.239,1.239,1.239,0.039,3.25,2.0,0.247
160807.SZ,20190618,1.219,1.206,1.206,1.2,1.2,-0.019,-1.5587,11.0,1.32
160807.SZ,20190617,1.212,1.219,1.219,1.219,1.219,0.007,0.5776,100.0,12.19
160807.SZ,20190614,1.217,1.216,1.216,1.211,1.212,-0.005,-0.4108,3.0,0.364
160807.SZ,20190612,1.215,1.219,1.219,1.217,1.217,0.002,0.1646,16.0,1.947
160807.SZ,20190611,1.192,1.209,1.215,1.209,1.215,0.023,1.9295,3.0,0.363
160807.SZ,20190610,1.192,1.192,1.192,1.192,1.192,0.0,0.0,15.0,1.788
160807.SZ,20190530,1.201,1.198,1.198,1.192,1.192,-0.009,-0.7494,17.0,2.028
160807.SZ,20190529,1.203,1.201,1.201,1.201,1.201,-0.002,-0.1663,29.0,3.482
160807.SZ,20190528,1.199,1.209,1.209,1.203,1.203,0.004,0.3336,2.0,0.241
160807.SZ,20190527,1.216,1.195,1.199,1.195,1.199,-0.017,-1.398,3.0,0.359
160807.SZ,20190522,1.208,1.203,1.216,1.203,1.216,0.008,0.6623,11.0,1.336
160807.SZ,20190521,1.223,1.208,1.208,1.208,1.208,-0.015,-1.2265,1.0,0.12
160807.SZ,20190517,1.213,1.223,1.223,1.223,1.223,0.01,0.8244,1.0,0.122
160807.SZ,20190515,1.208,1.213,1.213,1.213,1.213,0.005,0.4139,1.0,0.121
160807.SZ,20190514,1.213,1.208,1.208,1.208,1.208,-0.005,-0.4122,2.0,0.241
160807.SZ,20190513,1.206,1.213,1.22,1.213,1.213,0.007,0.5804,42.0,5.114
160807.SZ,20190510,1.192,1.196,1.206,1.196,1.206,0.014,1.1745,3.0,0.36
160807.SZ,20190509,1.215,1.192,1.192,1.192,1.192,-0.023,-1.893,1.0,0.119
160807.SZ,20190508,1.22,1.206,1.215,1.206,1.215,-0.005,-0.4098,2.0,0.242
160807.SZ,20190507,1.208,1.213,1.22,1.213,1.22,0.012,0.9934,30.0,3.639
160807.SZ,20190506,1.284,1.247,1.247,1.208,1.208,-0.076,-5.919,125.0,15.107
160807.SZ,20190429,1.305,1.286,1.286,1.284,1.284,-0.021,-1.6092,21.0,2.696
160807.SZ,20190425,1.303,1.307,1.307,1.301,1.305,0.002,0.1535,5.0,0.652
160807.SZ,20190424,1.319,1.303,1.303,1.303,1.303,-0.016,-1.213,132.0,17.199
160807.SZ,20190422,1.339,1.337,1.337,1.319,1.319,-0.02,-1.4937,116.02,15.359
160807.SZ,20190419,1.346,1.339,1.339,1.339,1.339,-0.007,-0.5201,1.0,0.133
160807.SZ,20190417,1.326,1.354,1.354,1.346,1.346,0.02,1.5083,223.0,30.095
160807.SZ,20190416,1.322,1.313,1.326,1.313,1.326,0.004,0.3026,5.0,0.659
160807.SZ,20190415,1.303,1.322,1.322,1.322,1.322,0.019,1.4582,1.0,0.132
160807.SZ,20190412,1.31,1.303,1.303,1.303,1.303,-0.007,-0.5344,1.0,0.13
160807.SZ,20190411,1.337,1.331,1.331,1.306,1.31,-0.027,-2.0194,485.28,63.576
160807.SZ,20190410,1.331,1.336,1.337,1.336,1.337,0.006,0.4508,2.0,0.267
160807.SZ,20190409,1.331,1.332,1.332,1.331,1.331,0.0,0.0,168.66,22.464
160807.SZ,20190408,1.33,1.346,1.346,1.331,1.331,0.001,0.0752,203.0,27.322
160807.SZ,20190404,1.312,1.327,1.33,1.327,1.33,0.018,1.372,118.74,15.792
160807.SZ,20190403,1.299,1.311,1.312,1.311,1.312,0.013,1.0008,2.0,0.262
160807.SZ,20190402,1.295,1.299,1.3,1.296,1.299,0.004,0.3089,392.02,50.836
160807.SZ,20190401,1.257,1.29,1.305,1.289,1.295,0.038,3.0231,116.0,15.03
160807.SZ,20190329,1.239,1.253,1.257,1.253,1.257,0.018,1.4528,3.0,0.376
160807.SZ,20190327,1.233,1.239,1.239,1.239,1.239,0.006,0.4866,2.0,0.247
160807.SZ,20190326,1.242,1.233,1.233,1.233,1.233,-0.009,-0.7246,2.0,0.246
160807.SZ,20190325,1.26,1.253,1.253,1.239,1.242,-0.018,-1.4286,5.0,0.623
160807.SZ,20190322,1.262,1.256,1.26,1.256,1.26,-0.002,-0.1585,3.0,0.377
160807.SZ,20190320,1.26,1.263,1.263,1.261,1.262,0.002,0.1587,3.0,0.378
160807.SZ,20190319,1.25,1.264,1.265,1.26,1.26,0.01,0.8,12.0,1.513
160807.SZ,20190318,1.246,1.25,1.25,1.25,1.25,0.004,0.321,188.15,23.518
160807.SZ,20190315,1.226,1.239,1.246,1.239,1.246,0.02,1.6313,3.0,0.373
160807.SZ,20190314,1.246,1.226,1.226,1.226,1.226,-0.02,-1.6051,5.0,0.613
160807.SZ,20190313,1.25,1.235,1.246,1.235,1.246,-0.004,-0.32,71.0,8.769
160807.SZ,20190312,1.232,1.249,1.251,1.249,1.25,0.018,1.461,5.0,0.625
160807.SZ,20190311,1.225,1.226,1.232,1.226,1.232,0.007,0.5714,10.0,1.229
160807.SZ,20190308,1.275,1.244,1.244,1.223,1.225,-0.05,-3.9216,17.0,2.095
160807.SZ,20190307,1.265,1.261,1.275,1.25,1.275,0.01,0.7905,126.0,16.01
160807.SZ,20190306,1.265,1.265,1.265,1.265,1.265,0.0,0.0,2.0,0.253
160807.SZ,20190305,1.272,1.265,1.265,1.265,1.265,-0.007,-0.5503,97.15,12.289
160807.SZ,20190304,1.218,1.259,1.282,1.259,1.272,0.054,4.4335,9.0,1.144
160807.SZ,20190301,1.226,1.228,1.228,1.218,1.218,-0.008,-0.6525,11.0,1.349
160807.SZ,20190228,1.211,1.207,1.226,1.207,1.226,0.015,1.2386,263.15,32.058
160807.SZ,20190227,1.226,1.216,1.216,1.211,1.211,-0.015,-1.2235,103.0,12.473
160807.SZ,20190226,1.227,1.245,1.245,1.226,1.226,-0.001,-0.0815,62.0,7.705
160807.SZ,20190225,1.162,1.176,1.227,1.176,1.227,0.065,5.5938,188.35,22.57
160807.SZ,20190222,1.138,1.162,1.162,1.162,1.162,0.024,2.109,3.0,0.348
160807.SZ,20190221,1.137,1.155,1.155,1.137,1.138,0.001,0.088,110.15,12.718
160807.SZ,20190220,1.136,1.137,1.137,1.137,1.137,0.001,0.088,2.0,0.227
160807.SZ,20190219,1.123,1.159,1.159,1.136,1.136,0.013,1.1576,73.35,8.339
160807.SZ,20190218,1.134,1.123,1.123,1.123,1.123,-0.011,-0.97,1.0,0.112
160807.SZ,20190215,1.126,1.134,1.134,1.134,1.134,0.008,0.7105,10.0,1.134
160807.SZ,20190214,1.123,1.126,1.126,1.126,1.126,0.003,0.2671,2.0,0.225
160807.SZ,20190213,1.113,1.122,1.123,1.122,1.123,0.01,0.8985,2.0,0.224
160807.SZ,20190212,1.095,1.1,1.113,1.1,1.113,0.018,1.6438,195.35,21.516
160807.SZ,20190211,1.081,1.093,1.095,1.093,1.095,0.014,1.2951,2.0,0.218
160807.SZ,20190201,1.07,1.081,1.081,1.081,1.081,0.011,1.028,1.0,0.108
160807.SZ,20190131,1.071,1.07,1.071,1.07,1.07,-0.001,-0.0934,44.0,4.708
160807.SZ,20190128,1.053,1.071,1.071,1.071,1.071,0.018,1.7094,2.0,0.214
160807.SZ,20190123,1.047,1.053,1.053,1.053,1.053,0.006,0.5731,2.0,0.21
160807.SZ,20190122,1.066,1.057,1.057,1.047,1.047,-0.019,-1.7824,112.0,11.73
160807.SZ,20190121,1.055,1.066,1.066,1.066,1.066,0.011,1.0427,4.0,0.426
160807.SZ,20190118,1.049,1.055,1.055,1.055,1.055,0.006,0.572,1.0,0.105
160807.SZ,20190117,1.046,1.041,1.049,1.041,1.049,0.003,0.2868,3.0,0.313
160807.SZ,20190116,1.043,1.059,1.059,1.046,1.046,0.003,0.2876,1934.15,202.339
160807.SZ,20190115,1.028,1.039,1.06,1.037,1.043,0.015,1.4591,1918.15,198.933
160807.SZ,20190114,1.043,1.029,1.029,1.028,1.028,-0.015,-1.4382,1913.15,196.672
160807.SZ,20190109,1.037,1.036,1.043,1.036,1.043,0.006,0.5786,4.0,0.416
160807.SZ,20190108,1.039,1.039,1.039,1.035,1.037,-0.002,-0.1925,110.0,11.406
160807.SZ,20190107,1.03,1.023,1.039,1.018,1.039,0.009,0.8738,341.0,34.887
160807.SZ,20190104,1.003,1.012,1.03,1.012,1.03,0.027,2.6919,402.74,40.873
160807.SZ,20190103,1.009,1.003,1.003,1.003,1.003,-0.006,-0.5946,1.0,0.1
160807.SZ,20190102,1.014,1.009,1.009,1.009,1.009,-0.005,-0.4931,2.0,0.201
160807.SZ,20181227,1.026,1.02,1.02,1.014,1.014,-0.012,-1.1696,7.0,0.712
160807.SZ,20181226,1.015,1.026,1.026,1.026,1.026,0.011,1.0837,58.74,6.026
160807.SZ,20181225,1.022,1.013,1.015,1.013,1.015,-0.007,-0.6849,5.0,0.506
160807.SZ,20181224,1.028,1.027,1.027,1.022,1.022,-0.006,-0.5837,48.0,4.929
160807.SZ,20181221,1.037,1.028,1.028,1.028,1.028,-0.009,-0.8679,5.0,0.514
160807.SZ,20181219,1.052,1.056,1.056,1.037,1.037,-0.015,-1.4259,20.0,2.108
160807.SZ,20181218,1.066,1.053,1.053,1.051,1.052,-0.014,-1.3133,3.0,0.315
160807.SZ,20181214,1.072,1.073,1.073,1.066,1.066,-0.006,-0.5597,7.0,0.748
160807.SZ,20181213,1.056,1.071,1.073,1.071,1.072,0.016,1.5152,2.0,0.214
160807.SZ,20181212,1.06,1.056,1.056,1.056,1.056,-0.004,-0.3774,461.74,48.759
160807.SZ,20181211,1.061,1.06,1.06,1.052,1.06,-0.001,-0.0943,665.74,70.091
160807.SZ,20181207,1.083,1.061,1.061,1.061,1.061,-0.022,-2.0314,1.0,0.106
160807.SZ,20181203,1.079,1.082,1.083,1.082,1.083,0.004,0.3707,85.04,9.206
160807.SZ,20181130,1.085,1.079,1.079,1.079,1.079,-0.006,-0.553,2.0,0.215
160807.SZ,20181128,1.085,1.085,1.085,1.085,1.085,0.0,0.0,361.02,39.17
160807.SZ,20181121,1.091,1.085,1.085,1.085,1.085,-0.006,-0.55,2.0,0.217
160807.SZ,20181120,1.094,1.091,1.091,1.091,1.091,-0.003,-0.2742,2.0,0.218
160807.SZ,20181119,1.085,1.094,1.094,1.094,1.094,0.009,0.8295,149.0,16.3
160807.SZ,20181115,1.078,1.085,1.085,1.085,1.085,0.007,0.6494,1.0,0.108
160807.SZ,20181114,1.089,1.078,1.078,1.078,1.078,-0.011,-1.0101,2.0,0.215
160807.SZ,20181112,1.09,1.071,1.09,1.071,1.089,-0.001,-0.0917,122.0,13.289
160807.SZ,20181107,1.097,1.09,1.09,1.09,1.09,-0.007,-0.6381,9.0,0.981
160807.SZ,20181102,1.083,1.097,1.097,1.097,1.097,0.014,1.2927,4.0,0.438
160807.SZ,20181101,1.066,1.083,1.083,1.083,1.083,0.017,1.5947,24.0,2.599
160807.SZ,20181031,1.047,1.043,1.066,1.043,1.066,0.019,1.8147,39.0,4.072
160807.SZ,20181029,1.064,1.056,1.056,1.047,1.047,-0.017,-1.5977,4.0,0.42
160807.SZ,20181026,1.075,1.064,1.064,1.064,1.064,-0.011,-1.0233,2.0,0.212
160807.SZ,20181025,1.087,1.082,1.082,1.074,1.075,-0.012,-1.104,5.0,0.538
160807.SZ,20181024,1.075,1.079,1.087,1.079,1.087,0.012,1.1163,5.0,0.541
160807.SZ,20181023,1.092,1.112,1.112,1.073,1.075,-0.017,-1.5568,117.0,12.961
160807.SZ,20181022,1.046,1.079,1.092,1.079,1.092,0.046,4.3977,9.0,0.98
160807.SZ,20181019,1.039,1.029,1.046,1.029,1.046,0.007,0.6737,4.0,0.415
160807.SZ,20181018,1.045,1.041,1.041,1.036,1.039,-0.006,-0.5742,8.0,0.831
160807.SZ,20181017,1.047,1.047,1.047,1.043,1.045,-0.002,-0.191,6.0,0.627
160807.SZ,20181016,1.057,1.07,1.07,1.046,1.047,-0.01,-0.9461,10.0,1.054
160807.SZ,20181015,1.05,1.063,1.063,1.053,1.057,0.007,0.6667,6.0,0.634
160807.SZ,20181011,1.108,1.089,1.089,1.047,1.05,-0.058,-5.2347,17.0,1.804
160807.SZ,20181010,1.101,1.108,1.108,1.108,1.108,0.007,0.6358,3.9,0.432
160807.SZ,20181009,1.089,1.101,1.102,1.1,1.101,0.012,1.1019,36.0,3.962
160807.SZ,20181008,1.13,1.089,1.089,1.089,1.089,-0.041,-3.6283,26.0,2.831
160807.SZ,20180928,1.129,1.132,1.139,1.13,1.13,0.001,0.0886,8.0,0.906
160807.SZ,20180927,1.128,1.129,1.129,1.129,1.129,0.001,0.0887,1.0,0.112
160807.SZ,20180926,1.119,1.128,1.128,1.128,1.128,0.009,0.8043,1.0,0.112
160807.SZ,20180925,1.102,1.139,1.139,1.119,1.119,0.017,1.5426,11.0,1.25
160807.SZ,20180919,1.081,1.102,1.102,1.102,1.102,0.021,1.9426,1.0,0.11
160807.SZ,20180918,1.121,1.081,1.081,1.081,1.081,-0.04,-3.5682,1.0,0.108
160807.SZ,20180904,1.115,1.116,1.121,1.116,1.121,0.006,0.5381,2.0,0.223
160807.SZ,20180824,1.103,1.112,1.115,1.112,1.115,0.012,1.0879,14.0,1.557
160807.SZ,20180823,1.108,1.103,1.103,1.103,1.103,-0.005,-0.4513,1.0,0.11
160807.SZ,20180821,1.083,1.101,1.108,1.101,1.108,0.025,2.3084,3.0,0.331
160807.SZ,20180817,1.108,1.086,1.086,1.083,1.083,-0.025,-2.2563,39.0,4.235
160807.SZ,20180816,1.113,1.115,1.132,1.108,1.108,-0.005,-0.4492,56.0,6.264
160807.SZ,20180815,1.108,1.113,1.113,1.113,1.113,0.005,0.4513,1.0,0.111
160807.SZ,20180813,1.173,1.121,1.121,1.106,1.108,-0.065,-5.5413,6.0,0.665
160807.SZ,20180810,1.108,1.149,1.173,1.149,1.173,0.065,5.8664,6.0,0.693
160807.SZ,20180809,1.095,1.108,1.108,1.108,1.108,0.013,1.1872,10.0,1.108
160807.SZ,20180808,1.112,1.113,1.113,1.093,1.095,-0.017,-1.5288,12.0,1.313
160807.SZ,20180807,1.107,1.111,1.112,1.111,1.112,0.005,0.4517,4.0,0.444
160807.SZ,20180803,1.167,1.107,1.107,1.107,1.107,-0.06,-5.1414,12.0,1.328
160807.SZ,20180802,1.173,1.161,1.167,1.161,1.167,-0.006,-0.5115,14.0,1.633
160807.SZ,20180801,1.156,1.166,1.173,1.155,1.173,0.017,1.4706,15.0,1.751
160807.SZ,20180730,1.176,1.156,1.156,1.156,1.156,-0.02,-1.7007,2.0,0.231
160807.SZ,20180726,1.139,1.176,1.176,1.176,1.176,0.037,3.2485,1.0,0.117
160807.SZ,20180720,1.163,1.139,1.139,1.139,1.139,-0.024,-2.0636,13.0,1.48
160807.SZ,20180717,1.143,1.163,1.163,1.163,1.163,0.02,1.7498,9.0,1.046
160807.SZ,20180712,1.127,1.143,1.143,1.143,1.143,0.016,1.4197,1.0,0.114
160807.SZ,20180711,1.139,1.133,1.15,1.127,1.127,-0.012,-1.0536,22.0,2.524
160807.SZ,20180709,1.118,1.128,1.139,1.111,1.139,0.021,1.8784,40.0,4.496
160807.SZ,20180706,1.126,1.098,1.118,1.083,1.118,-0.008,-0.7105,121.0,13.32
160807.SZ,20180705,1.143,1.126,1.126,1.126,1.126,-0.017,-1.4873,10.0,1.126
160807.SZ,20180702,1.149,1.143,1.143,1.143,1.143,-0.006,-0.5222,2.0,0.228
160807.SZ,20180629,1.149,1.149,1.149,1.149,1.149,0.0,0.0,10.0,1.149
160807.SZ,20180628,1.195,1.149,1.149,1.149,1.149,-0.046,-3.8494,2.0,0.229
160807.SZ,20180620,1.23,1.161,1.195,1.153,1.195,-0.035,-2.8455,134.0,15.963
160807.SZ,20180619,1.246,1.23,1.23,1.23,1.23,-0.016,-1.2841,10.0,1.23
160807.SZ,20180614,1.214,1.246,1.246,1.246,1.246,0.032,2.6359,2.0,0.249
160807.SZ,20180611,1.202,1.214,1.214,1.214,1.214,0.012,0.9983,1.0,0.121
160807.SZ,20180608,1.228,1.252,1.252,1.202,1.202,-0.026,-2.1173,26.0,3.183
160807.SZ,20180607,1.233,1.236,1.236,1.228,1.228,-0.005,-0.4055,670.1,82.312
160807.SZ,20180606,1.24,1.233,1.233,1.233,1.233,-0.007,-0.5645,171.0,21.084
160807.SZ,20180605,1.196,1.24,1.24,1.24,1.24,0.044,3.6789,25.0,3.1
160807.SZ,20180531,1.241,1.196,1.196,1.196,1.196,-0.045,-3.6261,12.0,1.435
160807.SZ,20180530,1.243,1.241,1.241,1.241,1.241,-0.002,-0.1609,8.0,0.992
160807.SZ,20180528,1.247,1.234,1.243,1.234,1.243,-0.004,-0.3208,10.0,1.234
160807.SZ,20180525,1.243,1.247,1.247,1.247,1.247,0.004,0.3218,12.0,1.496
160807.SZ,20180524,1.256,1.243,1.243,1.243,1.243,-0.013,-1.035,10.0,1.243
160807.SZ,20180517,1.256,1.256,1.256,1.256,1.256,0.0,0.0,2.0,0.251
160807.SZ,20180516,1.256,1.256,1.256,1.256,1.256,0.0,0.0,1.0,0.125
160807.SZ,20180515,1.275,1.256,1.256,1.256,1.256,-0.019,-1.4902,6.0,0.753
160807.SZ,20180510,1.247,1.262,1.275,1.262,1.275,0.028,2.2454,21.0,2.676
160807.SZ,20180509,1.231,1.247,1.247,1.247,1.247,0.016,1.2998,5.0,0.623
160807.SZ,20180508,1.216,1.231,1.231,1.231,1.231,0.015,1.2336,171.0,21.05
160807.SZ,20180427,1.237,1.232,1.232,1.216,1.216,-0.021,-1.6977,1.01,0.124
160807.SZ,20180426,1.239,1.237,1.237,1.237,1.237,-0.002,-0.1614,1.0,0.123
160807.SZ,20180424,1.236,1.239,1.239,1.239,1.239,0.003,0.2427,1.0,0.123
160807.SZ,20180423,1.256,1.236,1.236,1.236,1.236,-0.02,-1.5924,9.0,1.112
160807.SZ,20180420,1.255,1.256,1.256,1.256,1.256,0.001,0.0797,9.0,1.13
160807.SZ,20180419,1.246,1.255,1.255,1.255,1.255,0.009,0.7223,6.0,0.753
160807.SZ,20180418,1.243,1.245,1.246,1.245,1.246,0.003,0.2414,160.18,19.957
160807.SZ,20180416,1.285,1.243,1.243,1.243,1.243,-0.042,-3.2685,2.0,0.248
160807.SZ,20180411,1.265,1.285,1.285,1.285,1.285,0.02,1.581,10.0,1.285
160807.SZ,20180409,1.266,1.265,1.265,1.265,1.265,-0.001,-0.079,2.0,0.253
160807.SZ,20180327,1.282,1.256,1.285,1.256,1.266,-0.016,-1.248,15.01,1.892
160807.SZ,20180326,1.283,1.282,1.282,1.282,1.282,-0.001,-0.0779,12.0,1.538
160807.SZ,20180323,1.313,1.283,1.283,1.283,1.283,-0.03,-2.2848,2.0,0.256
160807.SZ,20180322,1.332,1.313,1.313,1.313,1.313,-0.019,-1.4264,1.0,0.131
160807.SZ,20180321,1.331,1.332,1.332,1.332,1.332,0.001,0.0751,1.0,0.133
160807.SZ,20180320,1.332,1.331,1.331,1.331,1.331,-0.001,-0.0751,1.0,0.133
160807.SZ,20180319,1.332,1.325,1.332,1.325,1.332,0.0,0.0,3.0,0.398
160807.SZ,20180316,1.32,1.332,1.332,1.332,1.332,0.012,0.9091,1.0,0.133
160807.SZ,20180314,1.333,1.32,1.32,1.32,1.32,-0.013,-0.9752,25.0,3.3
160807.SZ,20180313,1.334,1.333,1.333,1.333,1.333,-0.001,-0.075,1.0,0.133
160807.SZ,20180309,1.319,1.334,1.334,1.334,1.334,0.015,1.1372,1.0,0.133
160807.SZ,20180307,1.314,1.319,1.319,1.319,1.319,0.005,0.3805,1.0,0.131
160807.SZ,20180306,1.332,1.314,1.314,1.314,1.314,-0.018,-1.3514,1.0,0.131
160807.SZ,20180301,1.338,1.324,1.332,1.324,1.332,-0.006,-0.4484,8.0,1.064
160807.SZ,20180226,1.33,1.338,1.338,1.338,1.338,0.008,0.6015,2.0,0.267
160807.SZ,20180223,1.327,1.33,1.33,1.33,1.33,0.003,0.2261,19.0,2.527
160807.SZ,20180222,1.244,1.29,1.327,1.29,1.327,0.083,6.672,22.44,2.903
160807.SZ,20180212,1.291,1.244,1.244,1.244,1.244,-0.047,-3.6406,7.0,0.87
160807.SZ,20180209,1.346,1.323,1.346,1.248,1.291,-0.055,-4.0862,167.98,22.398
160807.SZ,20180207,1.35,1.346,1.346,1.346,1.346,-0.004,-0.2963,20.0,2.692
160807.SZ,20180206,1.384,1.395,1.395,1.35,1.35,-0.034,-2.4566,17.0,2.349
160807.SZ,20180130,1.424,1.384,1.384,1.384,1.384,-0.04,-2.809,1.0,0.138
160807.SZ,20180126,1.424,1.424,1.424,1.424,1.424,0.0,0.0,5.0,0.712
160807.SZ,20180125,1.413,1.424,1.424,1.424,1.424,0.011,0.7785,19.0,2.705
160807.SZ,20180124,1.409,1.411,1.413,1.411,1.413,0.004,0.2839,72.0,10.159
160807.SZ,20180123,1.397,1.409,1.409,1.409,1.409,0.012,0.859,32.4,4.565
160807.SZ,20180122,1.388,1.388,1.397,1.388,1.397,0.009,0.6484,78.4,10.949
160807.SZ,20180119,1.384,1.388,1.394,1.388,1.388,0.004,0.289,6.0,0.834
160807.SZ,20180118,1.372,1.384,1.384,1.384,1.384,0.012,0.8746,23.0,3.183
160807.SZ,20180116,1.361,1.372,1.372,1.372,1.372,0.011,0.8082,1.0,0.137
160807.SZ,20180111,1.359,1.361,1.361,1.361,1.361,0.002,0.1472,2.0,0.272
160807.SZ,20180110,1.341,1.359,1.359,1.359,1.359,0.018,1.3423,1.0,0.135
160807.SZ,20180108,1.336,1.342,1.342,1.341,1.341,0.005,0.3743,2.0,0.268
160807.SZ,20180103,1.319,1.337,1.338,1.336,1.336,0.017,1.2889,3.0,0.401
160807.SZ,20180102,1.317,1.319,1.319,1.319,1.319,0.002,0.1519,2.0,0.263
160807.SZ,20171229,1.323,1.317,1.317,1.317,1.317,-0.006,-0.4535,1.0,0.131
160807.SZ,20171227,1.324,1.324,1.324,1.321,1.323,-0.001,-0.0755,2.0,0.264
160807.SZ,20171226,1.332,1.324,1.324,1.324,1.324,-0.008,-0.6006,2.0,0.264
160807.SZ,20171225,1.338,1.352,1.352,1.332,1.332,-0.006,-0.4484,25.0,3.371
160807.SZ,20171222,1.344,1.338,1.38,1.329,1.338,-0.006,-0.4464,58.0,7.837
160807.SZ,20171221,1.315,1.317,1.392,1.314,1.344,0.029,2.2053,160.92,21.661
160807.SZ,20171219,1.329,1.331,1.331,1.297,1.315,-0.014,-1.0534,59.0,7.761
160807.SZ,20171215,1.317,1.342,1.342,1.31,1.329,0.012,0.9112,58.0,7.706
160807.SZ,20171214,1.319,1.317,1.317,1.317,1.317,-0.002,-0.1516,24.0,3.16
160807.SZ,20171213,1.356,1.316,1.321,1.316,1.319,-0.037,-2.7286,2.0,0.263
160807.SZ,20171212,1.317,1.357,1.357,1.323,1.356,0.039,2.9613,43.0,5.831
160807.SZ,20171211,1.327,1.304,1.317,1.304,1.317,-0.01,-0.7536,25.0,3.261
160807.SZ,20171206,1.327,1.332,1.345,1.313,1.327,0.0,0.0,107.0,14.217
160807.SZ,20171205,1.322,1.341,1.341,1.311,1.327,0.005,0.3782,56.0,7.428
160807.SZ,20171204,1.291,1.333,1.333,1.305,1.322,0.031,2.4012,71.0,9.383
160807.SZ,20171201,1.354,1.31,1.31,1.287,1.291,-0.063,-4.6529,49.0,6.327
160807.SZ,20171130,1.34,1.354,1.354,1.354,1.354,0.014,1.0448,29.0,3.926
160807.SZ,20171129,1.315,1.354,1.354,1.324,1.34,0.025,1.9011,56.0,7.501
160807.SZ,20171128,1.332,1.351,1.351,1.315,1.315,-0.017,-1.2763,58.0,7.727
160807.SZ,20171127,1.344,1.332,1.332,1.332,1.332,-0.012,-0.8929,1.0,0.133
160807.SZ,20171124,1.36,1.344,1.344,1.344,1.344,-0.016,-1.1765,1.0,0.134
160807.SZ,20171123,1.377,1.37,1.41,1.358,1.36,-0.017,-1.2346,72.0,9.958
160807.SZ,20171122,1.365,1.377,1.377,1.377,1.377,0.012,0.8791,201.0,27.677
160807.SZ,20171121,1.336,1.382,1.382,1.347,1.365,0.029,2.1707,56.0,7.644
160807.SZ,20171120,1.336,1.336,1.336,1.336,1.336,0.0,0.0,3.0,0.4
160807.SZ,20171117,1.337,1.371,1.371,1.335,1.336,-0.001,-0.0748,201.0,26.933
160807.SZ,20171116,1.332,1.337,1.337,1.337,1.337,0.005,0.3754,1.0,0.133
160807.SZ,20171115,1.343,1.371,1.371,1.332,1.332,-0.011,-0.8191,78.0,10.508
160807.SZ,20171114,1.346,1.38,1.38,1.343,1.343,-0.003,-0.2229,59.0,8.026
160807.SZ,20171113,1.348,1.346,1.346,1.346,1.346,-0.002,-0.1484,1476.0,198.669
160807.SZ,20171110,1.331,1.364,1.364,1.33,1.348,0.017,1.2772,56.0,7.546
160807.SZ,20171109,1.344,1.331,1.331,1.331,1.331,-0.013,-0.9673,1.0,0.133
160807.SZ,20171108,1.32,1.323,1.359,1.323,1.344,0.024,1.8182,281.0,37.769
160807.SZ,20171107,1.311,1.322,1.331,1.32,1.32,0.009,0.6865,10.0,1.322
160807.SZ,20171106,1.307,1.314,1.326,1.303,1.311,0.004,0.306,25.0,3.263
160807.SZ,20171103,1.304,1.34,1.34,1.307,1.307,0.003,0.2301,67.0,8.869
160807.SZ,20171102,1.322,1.304,1.304,1.304,1.304,-0.018,-1.3616,1.0,0.13
160807.SZ,20171101,1.314,1.344,1.344,1.306,1.322,0.008,0.6088,75.0,9.943
160807.SZ,20171031,1.314,1.31,1.314,1.307,1.314,0.0,0.0,102.0,13.347
160807.SZ,20171030,1.306,1.316,1.316,1.314,1.314,0.008,0.6126,5.0,0.657
160807.SZ,20171027,1.312,1.336,1.342,1.306,1.306,-0.006,-0.4573,71.0,9.393
160807.SZ,20171026,1.304,1.314,1.314,1.312,1.312,0.008,0.6135,10.0,1.313
160807.SZ,20171025,1.292,1.304,1.304,1.303,1.304,0.012,0.9288,20.0,2.607
160807.SZ,20171024,1.291,1.322,1.322,1.292,1.292,0.001,0.0775,67.0,8.77
160807.SZ,20171023,1.306,1.32,1.32,1.291,1.291,-0.015,-1.1485,74.0,9.652
160807.SZ,20171020,1.296,1.324,1.324,1.29,1.306,0.01,0.7716,72.0,9.403
160807.SZ,20171019,1.297,1.328,1.328,1.296,1.296,-0.001,-0.0771,59.0,7.732
160807.SZ,20171018,1.291,1.297,1.297,1.297,1.297,0.006,0.4648,1.0,0.129
160807.SZ,20171017,1.301,1.291,1.291,1.291,1.291,-0.01,-0.7686,1.0,0.129
160807.SZ,20171016,1.289,1.301,1.301,1.301,1.301,0.012,0.931,1.0,0.13
160807.SZ,20171013,1.276,1.322,1.322,1.289,1.289,0.013,1.0188,51.0,6.653
160807.SZ,20171010,1.284,1.279,1.279,1.274,1.276,-0.008,-0.6231,13.0,1.661
160807.SZ,20171009,1.271,1.275,1.284,1.275,1.284,0.013,1.0228,11.09,1.422
160807.SZ,20170929,1.261,1.271,1.271,1.271,1.271,0.01,0.793,1.0,0.127
160807.SZ,20170925,1.264,1.265,1.299,1.261,1.261,-0.003,-0.2373,506.0,63.955
160807.SZ,20170922,1.263,1.264,1.264,1.261,1.264,0.001,0.0792,11.0,1.387
160807.SZ,20170921,1.263,1.266,1.266,1.263,1.263,0.0,0.0,10.0,1.263
160807.SZ,20170920,1.274,1.297,1.297,1.26,1.263,-0.011,-0.8634,177.23,22.444
160807.SZ,20170918,1.267,1.267,1.274,1.267,1.274,0.007,0.5525,2.0,0.254
160807.SZ,20170914,1.276,1.267,1.267,1.267,1.267,-0.009,-0.7053,10.0,1.267
160807.SZ,20170913,1.279,1.276,1.276,1.276,1.276,-0.003,-0.2346,1.0,0.127
160807.SZ,20170912,1.294,1.273,1.279,1.273,1.279,-0.015,-1.1592,2.0,0.255
160807.SZ,20170904,1.267,1.294,1.294,1.294,1.294,0.027,2.131,27.0,3.493
160807.SZ,20170830,1.267,1.267,1.267,1.267,1.267,0.0,0.0,27.0,3.42
160807.SZ,20170828,1.254,1.284,1.284,1.267,1.267,0.013,1.0367,35.0,4.488
160807.SZ,20170825,1.248,1.242,1.254,1.234,1.254,0.006,0.4808,58.0,7.22
160807.SZ,20170823,1.264,1.237,1.248,1.237,1.248,-0.016,-1.2658,25.0,3.093
160807.SZ,20170822,1.24,1.237,1.264,1.237,1.264,0.024,1.9355,30.0,3.784
160807.SZ,20170818,1.227,1.239,1.24,1.239,1.24,0.013,1.0595,4.0,0.495
160807.SZ,20170817,1.22,1.253,1.253,1.227,1.227,0.007,0.5738,51.0,6.327
160807.SZ,20170816,1.229,1.252,1.252,1.22,1.22,-0.009,-0.7323,66.0,8.129
160807.SZ,20170815,1.217,1.229,1.229,1.229,1.229,0.012,0.986,2.0,0.245
160807.SZ,20170814,1.234,1.214,1.217,1.214,1.217,-0.017,-1.3776,2.0,0.243
160807.SZ,20170807,1.237,1.234,1.234,1.234,1.234,-0.003,-0.2425,1.0,0.123
160807.SZ,20170803,1.245,1.248,1.284,1.237,1.237,-0.008,-0.6426,81.0,10.179
160807.SZ,20170802,1.242,1.242,1.245,1.242,1.245,0.003,0.2415,2.0,0.248
160807.SZ,20170801,1.233,1.242,1.242,1.242,1.242,0.009,0.7299,1.0,0.124
160807.SZ,20170731,1.225,1.233,1.233,1.233,1.233,0.008,0.6531,1.0,0.123
160807.SZ,20170727,1.23,1.247,1.247,1.204,1.225,-0.005,-0.4065,51.0,6.249
160807.SZ,20170725,1.236,1.232,1.248,1.229,1.23,-0.006,-0.4854,5.0,0.618
160807.SZ,20170724,1.233,1.235,1.236,1.235,1.236,0.003,0.2433,3.0,0.37
160807.SZ,20170721,1.224,1.233,1.233,1.233,1.233,0.009,0.7353,2.0,0.246
160807.SZ,20170720,1.223,1.224,1.224,1.224,1.224,0.001,0.0818,14.0,1.713
160807.SZ,20170719,1.225,1.218,1.223,1.218,1.223,-0.002,-0.1633,2.0,0.244
160807.SZ,20170717,1.214,1.229,1.252,1.215,1.225,0.011,0.9061,32.0,3.945
160807.SZ,20170713,1.211,1.214,1.214,1.214,1.214,0.003,0.2477,1.0,0.121
160807.SZ,20170712,1.214,1.214,1.214,1.211,1.211,-0.003,-0.2471,6.0,0.727
160807.SZ,20170711,1.204,1.211,1.218,1.211,1.214,0.01,0.8306,4.0,0.486
160807.SZ,20170710,1.202,1.204,1.204,1.204,1.204,0.002,0.1664,49.86,6.003
160807.SZ,20170706,1.202,1.202,1.202,1.202,1.202,0.0,0.0,1.0,0.12
160807.SZ,20170705,1.201,1.197,1.202,1.197,1.202,0.001,0.0833,2.0,0.239
160807.SZ,20170629,1.225,1.202,1.202,1.2,1.201,-0.024,-1.9592,4.0,0.48
160807.SZ,20170627,1.204,1.214,1.225,1.214,1.225,0.021,1.7442,49.86,6.099
160807.SZ,20170626,1.18,1.199,1.204,1.199,1.204,0.024,2.0339,2.0,0.24
160807.SZ,20170623,1.195,1.191,1.207,1.179,1.18,-0.015,-1.2552,37.0,4.428
160807.SZ,20170622,1.18,1.19,1.195,1.19,1.195,0.015,1.2712,170.0,20.284
160807.SZ,20170621,1.173,1.177,1.18,1.177,1.18,0.007,0.5968,2.0,0.235
160807.SZ,20170620,1.168,1.173,1.173,1.173,1.173,0.005,0.4281,1.0,0.117
160807.SZ,20170619,1.161,1.168,1.168,1.168,1.168,0.007,0.6029,1.0,0.116
160807.SZ,20170616,1.174,1.161,1.161,1.161,1.161,-0.013,-1.1073,1.0,0.116
160807.SZ,20170614,1.174,1.174,1.174,1.174,1.174,0.0,0.0,1.0,0.117
160807.SZ,20170613,1.175,1.174,1.174,1.174,1.174,-0.001,-0.0851,1.0,0.117
160807.SZ,20170609,1.163,1.175,1.175,1.175,1.175,0.012,1.0318,17.86,2.098
160807.SZ,20170608,1.149,1.163,1.163,1.163,1.163,0.014,1.2185,200.0,23.26
160807.SZ,20170602,1.159,1.149,1.149,1.149,1.149,-0.01,-0.8628,9.0,1.034
160807.SZ,20170531,1.143,1.159,1.159,1.159,1.159,0.016,1.3998,4.0,0.463
160807.SZ,20170526,1.142,1.144,1.144,1.143,1.143,0.001,0.0876,3.0,0.343
160807.SZ,20170525,1.129,1.135,1.142,1.135,1.142,0.013,1.1515,4.0,0.454
160807.SZ,20170517,1.124,1.129,1.129,1.129,1.129,0.005,0.4448,5.0,0.564
160807.SZ,20170516,1.11,1.122,1.124,1.122,1.124,0.014,1.2613,2.0,0.224
160807.SZ,20170509,1.134,1.102,1.11,1.099,1.11,-0.024,-2.1164,3.0,0.331
160807.SZ,20170426,1.128,1.134,1.134,1.134,1.134,0.006,0.5319,2.0,0.226
160807.SZ,20170425,1.135,1.128,1.128,1.128,1.128,-0.007,-0.6167,4.0,0.451
160807.SZ,20170424,1.138,1.137,1.137,1.134,1.135,-0.003,-0.2636,3.0,0.34
160807.SZ,20170421,1.131,1.138,1.138,1.138,1.138,0.007,0.6189,119.0,13.542
160807.SZ,20170420,1.126,1.131,1.134,1.128,1.131,0.005,0.444,61.0,6.906
160807.SZ,20170419,1.14,1.143,1.154,1.126,1.126,-0.014,-1.2281,47.0,5.41
160807.SZ,20170418,1.157,1.142,1.142,1.14,1.14,-0.017,-1.4693,29.0,3.306
160807.SZ,20170413,1.154,1.157,1.164,1.157,1.157,0.003,0.26,25.0,2.907
160807.SZ,20170410,1.155,1.155,1.155,1.153,1.154,-0.001,-0.0866,49.0,5.65
160807.SZ,20170406,1.152,1.151,1.155,1.151,1.155,0.003,0.2604,3.52,0.406
160807.SZ,20170405,1.137,1.142,1.152,1.142,1.152,0.015,1.3193,15.0,1.722
160807.SZ,20170331,1.148,1.135,1.137,1.135,1.137,-0.011,-0.9582,2.0,0.227
160807.SZ,20170327,1.149,1.148,1.148,1.148,1.148,-0.001,-0.087,4.0,0.459
160807.SZ,20170324,1.145,1.144,1.149,1.144,1.149,0.004,0.3493,34.0,3.899
160807.SZ,20170317,1.143,1.145,1.145,1.145,1.145,0.002,0.175,1.0,0.114
160807.SZ,20170316,1.136,1.143,1.144,1.142,1.143,0.007,0.6162,4.0,0.457
160807.SZ,20170314,1.134,1.136,1.136,1.136,1.136,0.002,0.1764,2.0,0.227
160807.SZ,20170313,1.134,1.133,1.134,1.132,1.134,0.0,0.0,3.0,0.339
160807.SZ,20170308,1.132,1.134,1.134,1.134,1.134,0.002,0.1767,1.0,0.113
160807.SZ,20170306,1.136,1.132,1.132,1.132,1.132,-0.004,-0.3521,1.0,0.113
160807.SZ,20170302,1.14,1.136,1.136,1.136,1.136,-0.004,-0.3509,1.0,0.113
160807.SZ,20170301,1.142,1.14,1.14,1.14,1.14,-0.002,-0.1751,1.0,0.114
160807.SZ,20170227,1.147,1.142,1.142,1.142,1.142,-0.005,-0.4359,1.0,0.114
160807.SZ,20170223,1.145,1.148,1.148,1.147,1.147,0.002,0.1747,2.0,0.229
160807.SZ,20170221,1.14,1.145,1.145,1.145,1.145,0.005,0.4386,1.0,0.114
160807.SZ,20170220,1.145,1.132,1.14,1.132,1.14,-0.005,-0.4367,11.0,1.252
160807.SZ,20170217,1.13,1.137,1.149,1.137,1.145,0.015,1.3274,6.0,0.685
160807.SZ,20170216,1.126,1.13,1.13,1.13,1.13,0.004,0.3552,17.86,2.018
160807.SZ,20170214,1.134,1.132,1.132,1.126,1.126,-0.008,-0.7055,379.0,42.676
160807.SZ,20170213,1.124,1.129,1.134,1.129,1.134,0.01,0.8897,3.0,0.339
160807.SZ,20170210,1.12,1.121,1.124,1.121,1.124,0.004,0.3571,2.0,0.224
160807.SZ,20170209,1.113,1.119,1.12,1.119,1.12,0.007,0.6289,2.0,0.223
160807.SZ,20170208,1.108,1.113,1.113,1.113,1.113,0.005,0.4513,1.0,0.111
160807.SZ,20170206,1.12,1.108,1.108,1.108,1.108,-0.012,-1.0714,3.0,0.332
160807.SZ,20170203,1.12,1.115,1.12,1.114,1.12,0.0,0.0,42.0,4.702
160807.SZ,20170126,1.113,1.119,1.12,1.119,1.12,0.007,0.6289,2.0,0.223
160807.SZ,20170123,1.107,1.114,1.114,1.113,1.113,0.006,0.542,12.0,1.335
160807.SZ,20170120,1.096,1.104,1.107,1.104,1.107,0.011,1.0036,3.0,0.331
160807.SZ,20170117,1.094,1.097,1.097,1.092,1.096,0.002,0.1828,38.93,4.265
160807.SZ,20170116,1.096,1.099,1.099,1.094,1.094,-0.002,-0.1825,38.0,4.164
160807.SZ,20170113,1.116,1.116,1.116,1.094,1.096,-0.02,-1.7921,16.0,1.76
160807.SZ,20170112,1.107,1.194,1.198,1.11,1.116,0.009,0.813,209.93,24.493
160807.SZ,20170111,1.109,1.14,1.214,1.107,1.107,-0.002,-0.1803,114.0,13.272
160807.SZ,20170109,1.108,1.106,1.109,1.106,1.109,0.001,0.0903,34.0,3.763
160807.SZ,20170104,1.128,1.17,1.17,1.107,1.108,-0.02,-1.773,91.0,10.261
160807.SZ,20170103,1.098,1.096,1.153,1.096,1.128,0.03,2.7322,99.0,11.141
160807.SZ,20161230,1.097,1.098,1.098,1.098,1.098,0.001,0.0912,2.0,0.219
160807.SZ,20161226,1.103,1.098,1.098,1.097,1.097,-0.006,-0.544,65.21,7.153
160807.SZ,20161223,1.103,1.111,1.157,1.098,1.103,0.0,0.0,93.0,10.459
160807.SZ,20161221,1.108,1.103,1.103,1.103,1.103,-0.005,-0.4513,100.57,11.092
160807.SZ,20161220,1.117,1.107,1.109,1.107,1.108,-0.009,-0.8057,2.0,0.221
160807.SZ,20161216,1.117,1.117,1.117,1.117,1.117,0.0,0.0,40.0,4.468
160807.SZ,20161215,1.127,1.118,1.118,1.117,1.117,-0.01,-0.8873,101.57,11.355
160807.SZ,20161213,1.134,1.126,1.127,1.126,1.127,-0.007,-0.6173,2.0,0.225
160807.SZ,20161212,1.156,1.155,1.155,1.134,1.134,-0.022,-1.9031,4.0,0.457
160807.SZ,20161209,1.14,1.154,1.156,1.154,1.156,0.016,1.4035,2.0,0.231
160807.SZ,20161207,1.15,1.144,1.144,1.14,1.14,-0.01,-0.8696,20.0,2.28
160807.SZ,20161206,1.17,1.15,1.15,1.15,1.15,-0.02,-1.7094,220.0,25.3
160807.SZ,20161202,1.178,1.177,1.177,1.17,1.17,-0.008,-0.6791,4.0,0.469
160807.SZ,20161201,1.174,1.174,1.179,1.173,1.178,0.004,0.3407,20.0,2.354
160807.SZ,20161130,1.178,1.176,1.176,1.174,1.174,-0.004,-0.3396,5.0,0.587
160807.SZ,20161129,1.17,1.175,1.178,1.175,1.178,0.008,0.6838,43.0,5.059
160807.SZ,20161128,1.159,1.171,1.172,1.166,1.17,0.011,0.9491,124.0,14.489
160807.SZ,20161125,1.155,1.158,1.159,1.158,1.159,0.004,0.3463,22.0,2.549
160807.SZ,20161124,1.153,1.149,1.155,1.149,1.155,0.002,0.1735,22.0,2.54
160807.SZ,20161123,1.145,1.152,1.153,1.152,1.153,0.008,0.6987,3.0,0.345
160807.SZ,20161122,1.142,1.14,1.145,1.14,1.145,0.003,0.2627,104.0,11.907
160807.SZ,20161121,1.136,1.136,1.144,1.136,1.142,0.006,0.5282,165.07,18.802
160807.SZ,20161118,1.136,1.139,1.139,1.135,1.136,0.0,0.0,3.0,0.341
160807.SZ,20161117,1.137,1.133,1.136,1.13,1.136,-0.001,-0.088,111.0,12.545
160807.SZ,20161116,1.134,1.136,1.137,1.136,1.137,0.003,0.2646,129.57,14.721
160807.SZ,20161115,1.133,1.135,1.139,1.134,1.134,0.001,0.0883,52.0,5.921
160807.SZ,20161114,1.131,1.132,1.137,1.13,1.133,0.002,0.1768,295.0,33.38
160807.SZ,20161111,1.124,1.127,1.131,1.126,1.131,0.007,0.6228,16.0,1.802
160807.SZ,20161110,1.126,1.124,1.124,1.124,1.124,-0.002,-0.1776,1.0,0.112
160807.SZ,20161109,1.124,1.126,1.126,1.126,1.126,0.002,0.1779,1.0,0.112
160807.SZ,20161103,1.122,1.116,1.124,1.116,1.124,0.002,0.1783,32.0,3.595
160807.SZ,20161102,1.122,1.122,1.122,1.122,1.122,0.0,0.0,22.85,2.563
160807.SZ,20161101,1.12,1.118,1.122,1.118,1.122,0.002,0.1786,9.0,1.006
160807.SZ,20161031,1.119,1.12,1.121,1.12,1.12,0.001,0.0894,26.0,2.912
160807.SZ,20161028,1.126,1.119,1.119,1.119,1.119,-0.007,-0.6217,1.0,0.1119
160807.SZ,20161027,1.13,1.127,1.127,1.126,1.126,-0.004,-0.354,7.0,0.7888
160807.SZ,20161026,1.133,1.128,1.13,1.127,1.13,-0.003,-0.2648,12.0,1.3552
160807.SZ,20161025,1.121,1.122,1.233,1.122,1.133,0.012,1.0705,221.66,26.8337
160807.SZ,20161024,1.14,1.11,1.121,1.102,1.121,-0.019,-1.6667,188.52,20.7962
160807.SZ,20161021,1.11,1.112,1.147,1.11,1.14,0.03,2.7027,197.52,22.4324
160807.SZ,20161019,1.11,1.11,1.11,1.11,1.11,0.0,0.0,1.0,0.111
160807.SZ,20161018,1.099,1.094,1.111,1.094,1.11,0.011,1.0009,43.0,4.7522
160807.SZ,20161017,1.097,1.104,1.104,1.097,1.099,0.002,0.1823,7.0,0.7707
160807.SZ,20161014,1.1,1.097,1.097,1.097,1.097,-0.003,-0.2727,1.0,0.1097
160807.SZ,20161012,1.1,1.1,1.1,1.1,1.1,0.0,0.0,6.0,0.66
160807.SZ,20161011,1.1,1.099,1.1,1.099,1.1,0.0,0.0,9889.49,1087.8438
160807.SZ,20161010,1.083,1.095,1.1,1.095,1.1,0.017,1.5697,16.0,1.7595
160807.SZ,20160930,1.083,1.083,1.083,1.083,1.083,0.0,0.0,1.0,0.1083
160807.SZ,20160929,1.087,1.083,1.083,1.083,1.083,-0.004,-0.368,1.0,0.1083
160807.SZ,20160928,1.082,1.086,1.088,1.086,1.087,0.005,0.4621,2.0,0.2174
160807.SZ,20160927,1.1,1.079,1.085,1.079,1.082,-0.018,-1.6364,4.0,0.4328
160807.SZ,20160922,1.093,1.099,1.1,1.099,1.1,0.007,0.6404,11.0,1.2099
160807.SZ,20160921,1.088,1.091,1.093,1.091,1.093,0.005,0.4596,13.0,1.4206
160807.SZ,20160920,1.093,1.088,1.088,1.088,1.088,-0.005,-0.4575,6.0,0.6528
160807.SZ,20160914,1.094,1.091,1.093,1.091,1.093,-0.001,-0.0914,2.0,0.2184
160807.SZ,20160913,1.096,1.091,1.094,1.091,1.094,-0.002,-0.1825,6.0,0.655
160807.SZ,20160912,1.109,1.104,1.104,1.089,1.096,-0.013,-1.1722,26.0,2.8513
160807.SZ,20160909,1.112,1.109,1.109,1.109,1.109,-0.003,-0.2698,4.0,0.4436
160807.SZ,20160907,1.108,1.113,1.116,1.111,1.112,0.004,0.361,36.0,4.0059
160807.SZ,20160906,1.109,1.106,1.108,1.106,1.108,-0.001,-0.0902,1.02,0.113
160807.SZ,20160905,1.103,1.104,1.109,1.104,1.109,0.006,0.544,22.0,2.4374
160807.SZ,20160902,1.107,1.103,1.104,1.103,1.103,-0.004,-0.3613,27.0,2.9782
160807.SZ,20160901,1.114,1.11,1.11,1.107,1.107,-0.007,-0.6284,10.0,1.1075
160807.SZ,20160831,1.116,1.114,1.114,1.113,1.114,-0.002,-0.1792,8.0,0.8906
160807.SZ,20160830,1.12,1.11,1.116,1.11,1.116,-0.004,-0.3571,49.0,5.4524
160807.SZ,20160824,1.121,1.116,1.12,1.115,1.12,-0.001,-0.0892,31.0,3.4681
160807.SZ,20160823,1.121,1.11,1.121,1.11,1.121,0.0,0.0,25.0,2.7866
160807.SZ,20160822,1.123,1.12,1.124,1.12,1.121,-0.002,-0.1781,14.0,1.5685
160807.SZ,20160819,1.141,1.117,1.18,1.115,1.123,-0.018,-1.5776,38.0,4.2785
160807.SZ,20160818,1.126,1.201,1.218,1.124,1.141,0.015,1.3321,124.0,14.6522
160807.SZ,20160817,1.126,1.126,1.126,1.126,1.126,0.0,0.0,1.0,0.1126
160807.SZ,20160816,1.133,1.135,1.135,1.126,1.126,-0.007,-0.6178,23.0,2.6016
160807.SZ,20160815,1.088,1.103,1.133,1.103,1.133,0.045,4.136,268.02,29.8629
160807.SZ,20160812,1.087,1.081,1.088,1.081,1.088,0.001,0.092,33.0,3.5687
160807.SZ,20160811,1.088,1.087,1.089,1.087,1.087,-0.001,-0.0919,7.0,0.7612
160807.SZ,20160810,1.078,1.088,1.088,1.088,1.088,0.01,0.9276,1.0,0.1088
160807.SZ,20160808,1.074,1.075,1.078,1.075,1.078,0.004,0.3724,5.0,0.5381
160807.SZ,20160805,1.064,1.074,1.074,1.074,1.074,0.01,0.9398,13.0,1.3962
160807.SZ,20160804,1.061,1.064,1.064,1.064,1.064,0.003,0.2828,1.0,0.1064
160807.SZ,20160802,1.064,1.06,1.061,1.059,1.061,-0.003,-0.282,28.0,2.9672
160807.SZ,20160801,1.071,1.058,1.064,1.058,1.064,-0.007,-0.6536,117.0,12.3872
160807.SZ,20160729,1.072,1.074,1.074,1.07,1.071,-0.001,-0.0933,36.0,3.8627
160807.SZ,20160728,1.07,1.072,1.072,1.071,1.072,0.002,0.1869,11.0,1.1788
160807.SZ,20160727,1.08,1.08,1.08,1.07,1.07,-0.01,-0.9259,7.0,0.751
160807.SZ,20160726,1.079,1.082,1.082,1.08,1.08,0.001,0.0927,100.0,10.8006
160807.SZ,20160725,1.08,1.079,1.079,1.079,1.079,-0.001,-0.0926,10.0,1.079
160807.SZ,20160722,1.085,1.08,1.08,1.08,1.08,-0.005,-0.4608,5.0,0.54
160807.SZ,20160721,1.085,1.078,1.085,1.078,1.085,0.0,0.0,40.0,4.3155
160807.SZ,20160720,1.083,1.084,1.085,1.084,1.085,0.002,0.1847,38.0,4.1222
160807.SZ,20160719,1.097,1.085,1.085,1.082,1.083,-0.014,-1.2762,4.01,0.4342
160807.SZ,20160718,1.096,1.087,1.097,1.087,1.097,0.001,0.0912,8.0,0.872
160807.SZ,20160715,1.094,1.096,1.096,1.096,1.096,0.002,0.1828,1.0,0.1096
160807.SZ,20160714,1.085,1.094,1.094,1.094,1.094,0.009,0.8295,1.0,0.1094
160807.SZ,20160713,1.074,1.099,1.099,1.085,1.085,0.011,1.0242,3.0,0.3269
160807.SZ,20160712,1.074,1.07,1.074,1.07,1.074,0.0,0.0,3.0,0.3215
160807.SZ,20160711,1.058,1.072,1.074,1.072,1.074,0.016,1.5123,2.0,0.2146
160807.SZ,20160708,1.056,1.058,1.058,1.056,1.058,0.002,0.1894,62.0,6.5572
160807.SZ,20160705,1.054,1.059,1.059,1.056,1.056,0.002,0.1898,15.0,1.5882
160807.SZ,20160704,1.048,1.039,1.054,1.039,1.054,0.006,0.5725,4.0,0.4194
160807.SZ,20160701,1.047,1.049,1.052,1.035,1.048,0.001,0.0955,6.0,0.6266
160807.SZ,20160630,1.027,1.033,1.047,1.033,1.047,0.02,1.9474,55.0,5.684
160807.SZ,20160628,1.034,1.027,1.027,1.027,1.027,-0.007,-0.677,182.0,18.6914
160807.SZ,20160624,1.015,1.034,1.034,1.034,1.034,0.019,1.8719,1.0,0.1034
160807.SZ,20160622,1.028,1.015,1.015,1.015,1.015,-0.013,-1.2646,183.0,18.5745
160807.SZ,20160621,1.024,1.029,1.029,1.027,1.028,0.004,0.3906,12.0,1.2342
160807.SZ,20160620,1.032,1.024,1.024,1.024,1.024,-0.008,-0.7752,9.0,0.9216
160807.SZ,20160617,1.026,1.032,1.032,1.032,1.032,0.006,0.5848,13.0,1.3416
160807.SZ,20160616,1.034,1.029,1.029,1.024,1.026,-0.008,-0.7737,12.0,1.231
160807.SZ,20160615,1.045,1.015,1.034,1.012,1.034,-0.011,-1.0526,13.0,1.3386
160807.SZ,20160601,1.037,1.03,1.045,1.03,1.045,0.008,0.7715,35.0,3.6528
160807.SZ,20160531,0.995,1.01,1.037,1.01,1.037,0.042,4.2211,21.0,2.175
160807.SZ,20160527,0.996,0.995,0.995,0.995,0.995,-0.001,-0.1004,1.0,0.0995
160807.SZ,20160525,0.997,0.996,0.996,0.996,0.996,-0.001,-0.1003,1.0,0.0996
160807.SZ,20160524,1.004,0.997,0.997,0.997,0.997,-0.007,-0.6972,8.0,0.7976
160807.SZ,20160520,1.0,1.0,1.004,0.997,1.004,0.004,0.4,105.0,10.4992
160807.SZ,20160518,1.005,0.997,1.0,0.997,1.0,-0.005,-0.4975,7.0,0.6988
160807.SZ,20160512,1.005,1.005,1.005,1.005,1.005,0.0,0.0,6.0,0.603
160807.SZ,20160511,0.997,1.005,1.005,1.005,1.005,0.008,0.8024,315.01,31.6585
160807.SZ,20160510,1.007,0.998,0.998,0.997,0.997,-0.01,-0.993,1197.51,119.3918
160807.SZ,20160509,1.052,1.014,1.014,1.006,1.007,-0.045,-4.2776,24.43,2.4618
160807.SZ,20160427,1.028,1.052,1.052,1.052,1.052,0.024,2.3346,15.0,1.578
160807.SZ,20160425,1.028,1.028,1.028,1.028,1.028,0.0,0.0,2.0,0.2056
160807.SZ,20160421,1.042,1.026,1.036,1.026,1.028,-0.014,-1.3436,11.0,1.1308
160807.SZ,20160420,1.074,1.038,1.042,1.038,1.042,-0.032,-2.9795,6.0,0.6239
160807.SZ,20160415,1.064,1.074,1.074,1.074,1.074,0.01,0.9398,2.0,0.2148
160807.SZ,20160414,1.085,1.067,1.067,1.064,1.064,-0.021,-1.9355,111.0,11.8107
160807.SZ,20160413,1.052,1.073,1.085,1.073,1.085,0.033,3.1369,4.0,0.4304
160807.SZ,20160412,1.067,1.052,1.052,1.052,1.052,-0.015,-1.4058,0.01,0.0011
160807.SZ,20160406,1.065,1.067,1.067,1.067,1.067,0.002,0.1878,1.0,0.1067
160807.SZ,20160405,1.053,1.065,1.065,1.065,1.065,0.012,1.1396,5.0,0.5325
160807.SZ,20160401,1.052,1.053,1.053,1.053,1.053,0.001,0.0951,1.0,0.1053
160807.SZ,20160331,1.05,1.05,1.053,1.05,1.052,0.002,0.1905,7.0,0.736
160807.SZ,20160330,1.03,1.048,1.053,1.043,1.05,0.02,1.9417,33.0,3.4523
160807.SZ,20160329,1.041,1.03,1.03,1.029,1.03,-0.011,-1.0567,2.0,0.2059
160807.SZ,20160328,1.048,1.049,1.049,1.04,1.041,-0.007,-0.6679,7.0,0.7294
160807.SZ,20160324,1.062,1.055,1.055,1.047,1.048,-0.014,-1.3183,18.0,1.8877
160807.SZ,20160323,1.056,1.062,1.062,1.062,1.062,0.006,0.5682,1.0,0.1062
160807.SZ,20160322,1.06,1.055,1.056,1.055,1.056,-0.004,-0.3774,4.0,0.4222
160807.SZ,20160321,1.037,1.047,1.06,1.047,1.06,0.023,2.2179,1595.89,169.1068
160807.SZ,20160318,1.015,1.029,1.053,1.027,1.037,0.022,2.1675,113.0,11.6699
160807.SZ,20160316,1.022,1.015,1.017,1.014,1.015,-0.007,-0.6849,31.0,3.1487
160807.SZ,20160314,1.0,1.002,1.03,1.002,1.022,0.022,2.2,10.0,1.0216
160807.SZ,20160310,1.011,1.004,1.004,1.0,1.0,-0.011,-1.088,3.0,0.3008
160807.SZ,20160308,1.016,1.01,1.011,0.993,1.011,-0.005,-0.4921,17.0,1.6994
160807.SZ,20160307,1.004,1.017,1.04,1.016,1.016,0.012,1.1952,259.0,26.6851
160807.SZ,20160304,1.016,1.006,1.009,0.998,1.004,-0.012,-1.1811,2077.43,208.6529
160807.SZ,20160303,0.992,1.016,1.016,1.016,1.016,0.024,2.4194,1.0,0.1016
160807.SZ,20160302,0.946,0.962,0.992,0.962,0.992,0.046,4.8626,19.0,1.8794
160807.SZ,20160229,0.98,0.951,0.953,0.946,0.946,-0.034,-3.4694,16.0,1.5198
160807.SZ,20160226,0.985,0.98,0.98,0.98,0.98,-0.005,-0.5076,28.0,2.744
160807.SZ,20160225,1.013,1.003,1.003,0.982,0.985,-0.028,-2.7641,25.0,2.4973
160807.SZ,20160224,1.034,1.022,1.022,1.013,1.013,-0.021,-2.0309,7.0,0.7132
160807.SZ,20160223,1.012,1.06,1.06,1.031,1.034,0.022,2.1739,22.0,2.3145
160807.SZ,20160219,1.024,1.012,1.012,1.012,1.012,-0.012,-1.1719,1.0,0.1012
160807.SZ,20160218,1.012,1.034,1.034,1.024,1.024,0.012,1.1858,3.0,0.3082
160807.SZ,20160217,0.993,1.012,1.012,1.012,1.012,0.019,1.9134,13.0,1.3156
160807.SZ,20160216,0.976,0.993,0.993,0.993,0.993,0.017,1.7418,2.0,0.1986
160807.SZ,20160215,0.977,0.97,0.977,0.97,0.976,-0.001,-0.1024,18.0,1.7527
160807.SZ,20160205,0.987,0.989,0.989,0.976,0.977,-0.01,-1.0132,72.0,7.0496
160807.SZ,20160204,0.98,0.995,0.998,0.986,0.987,0.007,0.7143,30.0,2.9632
160807.SZ,20160203,0.983,0.978,1.002,0.978,0.98,-0.003,-0.3052,28.0,2.7607
160807.SZ,20160202,0.967,0.976,1.052,0.976,0.983,0.016,1.6546,72.0,7.1455
160807.SZ,20160201,0.971,0.966,0.967,0.966,0.967,-0.004,-0.4119,2.0,0.1933
160807.SZ,20160129,0.956,0.955,0.971,0.954,0.971,0.015,1.569,70.0,6.7617
160807.SZ,20160128,0.966,0.958,0.958,0.953,0.956,-0.01,-1.0352,169.0,16.1368
160807.SZ,20160127,1.026,0.964,0.967,0.96,0.966,-0.06,-5.848,34.0,3.2777
160807.SZ,20160125,1.023,1.026,1.026,1.026,1.026,0.003,0.2933,3.0,0.3078
160807.SZ,20160122,1.037,1.02,1.029,1.02,1.023,-0.014,-1.35,14.0,1.4346
160807.SZ,20160121,1.055,1.055,1.056,1.037,1.037,-0.018,-1.7062,131.0,13.8057
160807.SZ,20160120,1.04,1.061,1.061,1.05,1.055,0.015,1.4423,72.0,7.5648
160807.SZ,20160119,1.04,1.085,1.085,1.04,1.04,0.0,0.0,167.0,18.0892
160807.SZ,20160118,1.06,1.031,1.04,1.031,1.04,-0.02,-1.8868,138.0,14.262
160807.SZ,20160114,1.06,1.035,1.06,1.03,1.06,0.0,0.0,26.0,2.712
160807.SZ,20160113,1.071,1.08,1.08,1.06,1.06,-0.011,-1.0271,14.82,1.5849
160807.SZ,20160112,1.063,1.078,1.078,1.071,1.071,0.008,0.7526,12.0,1.2887
160807.SZ,20160111,1.12,1.1,1.156,1.063,1.063,-0.057,-5.0893,478.0,54.4889
160807.SZ,20160108,1.118,1.09,1.137,1.09,1.12,0.002,0.1789,79.0,8.8747
160807.SZ,20160107,1.156,1.16,1.16,1.118,1.118,-0.038,-3.2872,263.0,29.416
160807.SZ,20160106,1.151,1.172,1.172,1.156,1.156,0.005,0.4344,10.0,1.1592
160807.SZ,20160105,1.194,1.116,1.177,1.116,1.151,-0.043,-3.6013,33.86,3.8762
160807.SZ,20160104,1.244,1.196,1.216,1.194,1.194,-0.05,-4.0193,20.0,2.4198
160807.SZ,20151231,1.274,1.244,1.244,1.244,1.244,-0.03,-2.3548,30.0,3.732
160807.SZ,20151230,1.226,1.298,1.298,1.266,1.274,0.048,3.9152,460.0,59.1809
160807.SZ,20151229,1.263,1.22,1.226,1.22,1.226,-0.037,-2.9295,145.0,17.768
160807.SZ,20151228,1.268,1.325,1.325,1.263,1.263,-0.005,-0.3943,166.0,21.9709
160807.SZ,20151225,1.264,1.264,1.268,1.264,1.268,0.004,0.3165,161.0,20.4144
160807.SZ,20151224,1.265,1.326,1.326,1.264,1.264,-0.001,-0.0791,161.0,21.2984
160807.SZ,20151223,1.279,1.265,1.265,1.265,1.265,-0.014,-1.0946,130.0,16.445
160807.SZ,20151222,1.266,1.278,1.279,1.275,1.279,0.013,1.0269,111.0,14.1851
160807.SZ,20151221,1.257,1.258,1.271,1.258,1.266,0.009,0.716,273.0,34.4692
160807.SZ,20151218,1.256,1.289,1.289,1.237,1.257,0.001,0.0796,237.0,30.0761
160807.SZ,20151217,1.231,1.208,1.354,1.207,1.256,0.025,2.0309,347.0,42.5204
160807.SZ,20151216,1.216,1.279,1.28,1.229,1.231,0.015,1.2336,303.0,38.1685
160807.SZ,20151215,1.208,1.218,1.218,1.215,1.216,0.008,0.6623,47.77,5.8068
160807.SZ,20151214,1.19,1.186,1.208,1.186,1.208,0.018,1.5126,165.77,19.681
160807.SZ,20151211,1.201,1.18,1.19,1.18,1.19,-0.011,-0.9159,6.0,0.711
160807.SZ,20151210,1.203,1.191,1.201,1.191,1.201,-0.002,-0.1663,4.0,0.4774
160807.SZ,20151209,1.216,1.225,1.225,1.203,1.203,-0.013,-1.0691,87.0,10.6465
160807.SZ,20151204,1.228,1.21,1.216,1.209,1.216,-0.012,-0.9772,10.0,1.2114
160807.SZ,20151203,1.195,1.232,1.234,1.228,1.228,0.033,2.7615,66.0,8.1284
160807.SZ,20151202,1.175,1.209,1.209,1.193,1.195,0.02,1.7021,28.0,3.3723
160807.SZ,20151201,1.174,1.161,1.176,1.161,1.175,0.001,0.0852,12.0,1.4056
160807.SZ,20151130,1.224,1.158,1.174,1.158,1.174,-0.05,-4.085,4.0,0.4665
160807.SZ,20151127,1.251,1.295,1.295,1.224,1.224,-0.027,-2.1583,84.0,10.8568
160807.SZ,20151126,1.226,1.25,1.251,1.247,1.251,0.025,2.0392,123.0,15.3736
160807.SZ,20151125,1.228,1.226,1.226,1.226,1.226,-0.002,-0.1629,90.0,11.034
160807.SZ,20151124,1.238,1.228,1.228,1.228,1.228,-0.01,-0.8078,7.0,0.8596
160807.SZ,20151123,1.228,1.279,1.279,1.231,1.238,0.01,0.8143,198.56,25.2368
160807.SZ,20151119,1.224,1.228,1.228,1.228,1.228,0.004,0.3268,3.0,0.3684
160807.SZ,20151118,1.246,1.234,1.234,1.224,1.224,-0.022,-1.7657,76.0,9.3139
160807.SZ,20151117,1.226,1.27,1.27,1.226,1.246,0.02,1.6313,387.0,47.5351
160807.SZ,20151116,1.238,1.203,1.23,1.203,1.226,-0.012,-0.9693,61.0,7.451
160807.SZ,20151113,1.25,1.25,1.25,1.238,1.238,-0.012,-0.96,12.0,1.494
160807.SZ,20151112,1.265,1.253,1.253,1.25,1.25,-0.015,-1.1858,158.0,19.7965
160807.SZ,20151111,1.271,1.256,1.265,1.256,1.265,-0.006,-0.4721,117.0,14.7306
160807.SZ,20151110,1.344,1.343,1.343,1.241,1.271,-0.073,-5.4315,80.0,10.2303
160807.SZ,20151109,1.28,1.306,1.349,1.306,1.344,0.064,5.0,502.0,65.5693
160807.SZ,20151106,1.234,1.223,1.28,1.223,1.28,0.046,3.7277,3.0,0.3726
160807.SZ,20151105,1.161,1.178,1.266,1.178,1.234,0.073,6.2877,763.0,91.4362
160807.SZ,20151104,1.141,1.131,1.17,1.131,1.161,0.02,1.7528,122.0,14.2132
160807.SZ,20151103,1.163,1.135,1.153,1.135,1.141,-0.022,-1.8917,173.0,19.92
160807.SZ,20151102,1.171,1.17,1.17,1.137,1.163,-0.008,-0.6832,103.0,11.9847
160807.SZ,20151030,1.148,1.19,1.19,1.151,1.171,0.023,2.0035,842.0,99.8536
160807.SZ,20151029,1.177,1.148,1.148,1.148,1.148,-0.029,-2.4639,1.0,0.1148
160807.SZ,20151028,1.146,1.18,1.18,1.176,1.177,0.031,2.7051,204.0,24.012
160807.SZ,20151027,1.18,1.18,1.18,1.146,1.146,-0.034,-2.8814,4.0,0.4652
160807.SZ,20151026,1.118,1.172,1.196,1.162,1.18,0.062,5.5456,813.0,95.0242
160807.SZ,20151022,1.13,1.14,1.149,1.118,1.118,-0.012,-1.0619,391.0,44.8364
160807.SZ,20151021,1.169,1.136,1.136,1.113,1.13,-0.039,-3.3362,462.0,51.7399
160807.SZ,20151020,1.175,1.173,1.173,1.169,1.169,-0.006,-0.5106,102.0,11.9542
160807.SZ,20151019,1.146,1.152,1.175,1.152,1.175,0.029,2.5305,250.0,29.26
160807.SZ,20151016,1.13,1.143,1.146,1.143,1.146,0.016,1.4159,54.0,6.1872
160807.SZ,20151015,1.113,1.124,1.149,1.124,1.13,0.017,1.5274,126.0,14.2585
160807.SZ,20151014,1.133,1.113,1.113,1.113,1.113,-0.02,-1.7652,8.0,0.8904
160807.SZ,20151013,1.132,1.113,1.134,1.113,1.133,0.001,0.0883,167.0,18.8972
160807.SZ,20151012,1.086,1.07,1.132,1.07,1.132,0.046,4.2357,293.0,32.3364
160807.SZ,20151009,1.079,1.07,1.089,1.068,1.086,0.007,0.6487,328.0,35.3493
160807.SZ,20151008,1.05,1.096,1.096,1.073,1.079,0.029,2.7619,206.0,22.2039
160807.SZ,20150930,1.099,1.053,1.189,1.04,1.05,-0.049,-4.4586,503.6,55.2964
160807.SZ,20150929,1.07,1.032,1.099,1.03,1.099,0.029,2.7103,651.0,68.3112
160807.SZ,20150928,1.076,1.07,1.07,1.07,1.07,-0.006,-0.5576,1.0,0.107
160807.SZ,20150925,1.056,1.076,1.076,1.076,1.076,0.02,1.8939,300.0,32.28
160807.SZ,20150924,1.084,1.066,1.066,1.051,1.056,-0.028,-2.583,410.6,43.3487
160807.SZ,20150923,1.097,1.06,1.084,1.06,1.084,-0.013,-1.1851,58.0,6.1552
160807.SZ,20150922,1.068,1.079,1.099,1.078,1.097,0.029,2.7154,518.6,56.5801
160807.SZ,20150921,1.063,1.03,1.069,1.03,1.068,0.005,0.4704,293.0,30.2955
160807.SZ,20150918,1.079,1.045,1.063,1.045,1.063,-0.016,-1.4829,2.0,0.2108
160807.SZ,20150917,1.077,1.051,1.08,1.05,1.079,0.002,0.1857,93.0,9.9412
160807.SZ,20150916,1.049,1.014,1.077,1.014,1.077,0.028,2.6692,204.0,21.7464
160807.SZ,20150915,1.084,1.025,1.087,1.005,1.049,-0.035,-3.2288,201.0,21.6211
160807.SZ,20150914,1.083,1.094,1.119,1.008,1.084,0.001,0.0923,124.0,12.7444
160807.SZ,20150911,1.117,1.083,1.083,1.083,1.083,-0.034,-3.0439,2.0,0.2166
160807.SZ,20150910,1.125,1.071,1.128,1.071,1.117,-0.008,-0.7111,5.0,0.5458
160807.SZ,20150909,1.08,1.124,1.125,1.124,1.125,0.045,4.1667,4.0,0.4499
160807.SZ,20150908,1.092,1.081,1.081,1.08,1.08,-0.012,-1.0989,300.0,32.41
160807.SZ,20150907,1.07,1.12,1.12,1.089,1.092,0.022,2.0561,251.39,27.4061
160807.SZ,20150902,1.075,1.031,1.07,1.031,1.07,-0.005,-0.4651,10.0,1.0622
160807.SZ,20150901,1.079,1.031,1.09,1.031,1.075,-0.004,-0.3707,12.0,1.246
160807.SZ,20150831,1.077,1.077,1.09,1.019,1.079,0.002,0.1857,96.11,9.8857
160807.SZ,20150828,0.98,1.03,1.077,1.03,1.077,0.097,9.898,5.0,0.5257
160807.SZ,20150827,0.994,0.98,0.98,0.98,0.98,-0.014,-1.4085,1.0,0.098
160807.SZ,20150826,1.012,0.995,0.995,0.994,0.994,-0.018,-1.7787,187.0,18.5912
160807.SZ,20150825,1.124,1.012,1.012,1.012,1.012,-0.112,-9.9644,58.0,5.8696
160807.SZ,20150824,1.201,1.086,1.197,1.082,1.124,-0.077,-6.4113,764.0,83.0981
160807.SZ,20150821,1.21,1.2,1.217,1.2,1.201,-0.009,-0.7438,38.0,4.5697
160807.SZ,20150820,1.305,1.238,1.238,1.21,1.21,-0.095,-7.2797,162.0,19.658
160807.SZ,20150819,1.31,1.214,1.305,1.213,1.305,-0.005,-0.3817,57.0,7.1924
160807.SZ,20150818,1.355,1.31,1.313,1.309,1.31,-0.045,-3.321,90.0,11.7907
160807.SZ,20150817,1.318,1.355,1.355,1.355,1.355,0.037,2.8073,50.0,6.775
160807.SZ,20150813,1.317,1.281,1.318,1.281,1.318,0.001,0.0759,26.0,3.414
160807.SZ,20150812,1.309,1.301,1.317,1.301,1.317,0.008,0.6112,3.0,0.3934
160807.SZ,20150811,1.305,1.306,1.309,1.305,1.309,0.004,0.3065,1019.28,133.4088
160807.SZ,20150810,1.267,1.286,1.305,1.286,1.305,0.038,2.9992,817.1,105.9596
160807.SZ,20150807,1.238,1.27,1.27,1.267,1.267,0.029,2.3425,36.0,4.5641
160807.SZ,20150806,1.281,1.2,1.274,1.2,1.238,-0.043,-3.3568,6.0,0.746
160807.SZ,20150805,1.288,1.244,1.281,1.243,1.281,-0.007,-0.5435,231.0,28.8394
160807.SZ,20150804,1.26,1.3,1.3,1.23,1.288,0.028,2.2222,229.16,28.6142
160807.SZ,20150803,1.211,1.267,1.267,1.26,1.26,0.049,4.0462,23.0,2.9126
160807.SZ,20150731,1.319,1.197,1.211,1.197,1.211,-0.108,-8.188,32.0,3.8332
160807.SZ,20150730,1.323,1.255,1.319,1.234,1.319,-0.004,-0.3023,28.0,3.5078
160807.SZ,20150729,1.269,1.29,1.342,1.207,1.323,0.054,4.2553,453.0,56.2514
160807.SZ,20150728,1.229,1.165,1.269,1.165,1.269,0.04,3.2547,83.97,10.4302
160807.SZ,20150727,1.365,1.32,1.32,1.229,1.229,-0.136,-9.9634,40.0,5.0998
160807.SZ,20150724,1.366,1.365,1.397,1.365,1.365,-0.001,-0.0732,750.97,102.7325
160807.SZ,20150723,1.326,1.327,1.366,1.327,1.366,0.04,3.0166,443.05,59.4065
160807.SZ,20150722,1.33,1.326,1.343,1.319,1.326,-0.004,-0.3008,685.73,91.0875
160807.SZ,20150721,1.34,1.295,1.336,1.295,1.33,-0.01,-0.7463,481.76,63.5649
160807.SZ,20150720,1.343,1.38,1.402,1.292,1.34,-0.003,-0.2234,575.0,75.981
160807.SZ,20150717,1.335,1.38,1.38,1.234,1.343,0.008,0.5993,851.15,109.9444
160807.SZ,20150716,1.443,1.338,1.39,1.3,1.335,-0.108,-7.4844,1041.49,137.5741
160807.SZ,20150715,1.6,1.44,1.6,1.44,1.443,-0.157,-9.8125,1200.44,177.2424
160807.SZ,20150714,1.527,1.535,1.68,1.374,1.6,0.073,4.7806,657.0,99.4353
160807.SZ,20150713,1.389,1.527,1.528,1.518,1.527,0.138,9.9352,415.0,63.3402
160807.SZ,20150710,1.267,1.388,1.389,1.388,1.389,0.122,9.629,50.0,6.9448
160807.SZ,20150709,1.152,1.25,1.267,1.2,1.267,0.115,9.9826,138.0,17.1026
160807.SZ,20150708,1.28,1.162,1.163,1.152,1.152,-0.128,-10.0,81.0,9.4042
160807.SZ,20150707,1.36,1.252,1.29,1.251,1.28,-0.08,-5.8824,195.0,24.5077
160807.SZ,20150706,1.262,1.273,1.36,1.273,1.36,0.098,7.7655,195.0,25.6307
160807.SZ,20150703,1.374,1.261,1.371,1.26,1.262,-0.112,-8.1514,223.0,29.7593
160807.SZ,20150702,1.525,1.46,1.46,1.373,1.374,-0.151,-9.9016,64.0,8.8851
160807.SZ,20150701,1.486,1.403,1.525,1.355,1.525,0.039,2.6245,120.0,16.3816
160807.SZ,20150630,1.429,1.53,1.53,1.318,1.486,0.057,3.9888,434.99,60.184
160807.SZ,20150629,1.4,1.321,1.432,1.282,1.429,0.029,2.0714,830.99,112.7111
160807.SZ,20150626,1.554,1.554,1.554,1.4,1.4,-0.154,-9.9099,1026.35,148.3758
160807.SZ,20150625,1.653,1.653,1.653,1.518,1.554,-0.099,-5.9891,813.0,125.7374
160807.SZ,20150624,1.542,1.696,1.696,1.52,1.653,0.111,7.1984,400.0,62.6686
160807.SZ,20150623,1.51,1.646,1.646,1.474,1.542,0.032,2.1192,385.01,58.6201
160807.SZ,20150619,1.677,1.513,1.55,1.51,1.51,-0.167,-9.9583,63.0,9.5427
160807.SZ,20150618,1.688,1.826,1.826,1.635,1.677,-0.011,-0.6517,201.0,34.3443
160807.SZ,20150617,1.631,1.63,1.688,1.63,1.688,0.057,3.4948,85.0,13.8659
160807.SZ,20150616,1.699,1.629,1.631,1.629,1.631,-0.068,-4.0024,26.0,4.24
160807.SZ,20150615,1.73,1.705,1.706,1.69,1.699,-0.031,-1.7919,159.0,27.0905
160807.SZ,20150612,1.724,1.695,1.866,1.695,1.73,0.006,0.348,178.0,31.0414
160807.SZ,20150611,1.7,1.685,1.725,1.685,1.724,0.024,1.4118,334.76,56.7875
160807.SZ,20150610,1.719,1.718,1.783,1.644,1.7,-0.019,-1.1053,129.0,21.8294
160807.SZ,20150609,1.776,1.726,1.726,1.7,1.719,-0.057,-3.2095,47.0,8.0558
160807.SZ,20150608,1.686,1.714,1.777,1.68,1.776,0.09,5.3381,626.22,107.3806
160807.SZ,20150605,1.676,1.676,1.718,1.632,1.686,0.01,0.5967,453.67,76.5638
160807.SZ,20150604,1.641,1.681,1.681,1.605,1.676,0.035,2.1328,157.0,26.1354
160807.SZ,20150603,1.659,1.728,1.728,1.615,1.641,-0.018,-1.085,201.82,33.8081
160807.SZ,20150602,1.732,1.633,1.874,1.633,1.659,-0.073,-4.2148,247.0,41.5724
160807.SZ,20150601,1.581,1.568,1.737,1.568,1.732,0.151,9.5509,571.0,97.9979
160807.SZ,20150529,1.668,1.58,1.626,1.52,1.581,-0.087,-5.2158,344.0,54.7808
160807.SZ,20150528,1.711,1.671,1.719,1.553,1.668,-0.043,-2.5132,939.01,155.3983
160807.SZ,20150527,1.695,1.72,1.735,1.667,1.711,0.016,0.944,411.0,70.1406
160807.SZ,20150526,1.648,1.648,1.7,1.648,1.695,0.047,2.8519,293.79,49.174
160807.SZ,20150525,1.6,1.598,1.648,1.598,1.648,0.048,3.0,1125.06,180.3016
160807.SZ,20150522,1.555,1.561,1.616,1.561,1.6,0.045,2.8939,394.15,62.6253
160807.SZ,20150521,1.55,1.558,1.558,1.538,1.555,0.005,0.3226,1264.52,196.4079
160807.SZ,20150520,1.522,1.56,1.56,1.532,1.55,0.028,1.8397,429.0,66.2979
160807.SZ,20150519,1.479,1.521,1.522,1.521,1.522,0.043,2.9074,228.0,34.7004
160807.SZ,20150518,1.501,1.475,1.53,1.475,1.479,-0.022,-1.4657,9.0,1.3562
160807.SZ,20150515,1.512,1.507,1.507,1.501,1.501,-0.011,-0.7275,93.0,13.9851
160807.SZ,20150514,1.517,1.509,1.512,1.509,1.512,-0.005,-0.3296,199.18,30.1154
160807.SZ,20150513,1.512,1.517,1.549,1.517,1.517,0.005,0.3307,254.52,38.637
160807.SZ,20150512,1.48,1.509,1.561,1.505,1.512,0.032,2.1622,389.01,58.7464
160807.SZ,20150511,1.51,1.48,1.48,1.48,1.48,-0.03,-1.9868,33.0,4.884
160807.SZ,20150506,1.51,1.49,1.51,1.49,1.51,0.0,0.0,672.02,101.0658
160807.SZ,20150505,1.535,1.536,1.556,1.51,1.51,-0.025,-1.6287,748.65,113.8662
160807.SZ,20150504,1.541,1.535,1.553,1.534,1.535,-0.006,-0.3894,134.0,20.5972
160807.SZ,20150430,1.573,1.537,1.568,1.537,1.541,-0.032,-2.0343,528.65,82.4623
160807.SZ,20150429,1.56,1.513,1.573,1.513,1.573,0.013,0.8333,312.0,47.6152
160807.SZ,20150428,1.552,1.552,1.562,1.53,1.56,0.008,0.5155,817.1,125.5334
160807.SZ,20150427,1.515,1.54,1.554,1.53,1.552,0.037,2.4422,258.0,39.7862
160807.SZ,20150424,1.527,1.579,1.579,1.489,1.515,-0.012,-0.7859,263.0,40.4001
160807.SZ,20150423,1.538,1.575,1.575,1.527,1.527,-0.011,-0.7152,95.0,14.6777
160807.SZ,20150422,1.48,1.539,1.539,1.495,1.538,0.058,3.9189,519.0,78.5904
160807.SZ,20150421,1.482,1.459,1.498,1.459,1.48,-0.002,-0.135,428.0,63.1958
160807.SZ,20150420,1.499,1.48,1.503,1.453,1.482,-0.017,-1.1341,1434.02,214.0772
160807.SZ,20150417,1.456,1.472,1.499,1.471,1.499,0.043,2.9533,1025.0,150.8838
160807.SZ,20150416,1.44,1.44,1.456,1.427,1.456,0.016,1.1111,46.0,6.6292
160807.SZ,20150415,1.43,1.432,1.449,1.43,1.44,0.01,0.6993,444.0,63.6079
160807.SZ,20150414,1.43,1.485,1.485,1.424,1.43,0.0,0.0,1292.0,187.3463
160807.SZ,20150413,1.424,1.419,1.45,1.419,1.43,0.006,0.4213,649.66,92.7724
160807.SZ,20150410,1.393,1.39,1.427,1.384,1.424,0.031,2.2254,396.18,56.0078
160807.SZ,20150409,1.399,1.393,1.393,1.384,1.393,-0.006,-0.4289,528.0,73.4595
160807.SZ,20150408,1.389,1.417,1.417,1.382,1.399,0.01,0.7199,78.0,10.8418
160807.SZ,20150407,1.357,1.406,1.406,1.374,1.389,0.032,2.3581,966.0,133.4958
160807.SZ,20150403,1.348,1.34,1.384,1.34,1.357,0.009,0.6677,1131.0,153.5561
160807.SZ,20150402,1.35,1.34,1.353,1.299,1.348,-0.002,-0.1481,287.0,38.2382
160807.SZ,20150401,1.362,1.321,1.35,1.321,1.35,-0.012,-0.8811,238.0,31.9289
160807.SZ,20150331,1.33,1.34,1.362,1.32,1.362,0.032,2.406,1600.88,214.3321
160807.SZ,20150330,1.3,1.317,1.33,1.305,1.33,0.03,2.3077,2259.06,298.6709
160807.SZ,20150327,1.294,1.291,1.3,1.282,1.3,0.006,0.4637,586.0,75.3148
160807.SZ,20150326,1.282,1.271,1.294,1.261,1.294,0.012,0.936,4384.27,561.1046
160807.SZ,20150325,1.3,1.286,1.333,1.26,1.282,-0.018,-1.3846,1060.0,137.9872
160807.SZ,20150324,1.295,1.311,1.311,1.276,1.3,0.005,0.3861,562.58,72.9435
160807.SZ,20150323,1.265,1.285,1.295,1.285,1.295,0.03,2.3715,1905.0,245.9445
160807.SZ,20150320,1.258,1.275,1.275,1.251,1.265,0.007,0.5564,2288.51,289.1996
160807.SZ,20150319,1.254,1.247,1.259,1.238,1.258,0.004,0.319,2584.01,322.4165
160807.SZ,20150318,1.224,1.25,1.254,1.232,1.254,0.03,2.451,3032.72,376.3449
160807.SZ,20150317,1.204,1.218,1.23,1.208,1.224,0.02,1.6611,6180.46,751.7827
160807.SZ,20150316,1.183,1.177,1.204,1.177,1.204,0.021,1.7751,3167.91,378.9939
160807.SZ,20150313,1.175,1.17,1.185,1.17,1.183,0.008,0.6809,3920.94,463.144
160807.SZ,20150312,1.156,1.156,1.175,1.154,1.175,0.019,1.6436,2998.19,349.9205
160807.SZ,20150311,1.152,1.143,1.16,1.143,1.156,0.004,0.3472,1068.91,123.4136
160807.SZ,20150310,1.151,1.153,1.153,1.152,1.152,0.001,0.0869,250.0,28.805
160807.SZ,20150309,1.136,1.124,1.151,1.124,1.151,0.015,1.3204,1058.0,121.0419
160807.SZ,20150306,1.14,1.142,1.143,1.136,1.136,-0.004,-0.3509,356.06,40.5387
160807.SZ,20150305,1.156,1.143,1.161,1.139,1.14,-0.016,-1.3841,169.0,19.4824
160807.SZ,20150304,1.158,1.157,1.157,1.143,1.156,-0.002,-0.1727,1016.0,117.3031
160807.SZ,20150303,1.172,1.168,1.168,1.158,1.158,-0.014,-1.1945,403.0,46.8064
160807.SZ,20150302,1.168,1.172,1.2,1.137,1.172,0.004,0.3425,2627.77,308.1955
160807.SZ,20150227,1.168,1.173,1.175,1.165,1.168,0.0,0.0,4760.62,557.5435
160807.SZ,20150226,1.13,1.137,1.171,1.132,1.168,0.038,3.3628,1738.04,200.4635
160807.SZ,20150225,1.16,1.159,1.159,1.12,1.13,-0.03,-2.5862,2742.0,313.4461
160807.SZ,20150217,1.159,1.158,1.162,1.15,1.16,0.001,0.0863,4628.68,534.3882
160807.SZ,20150216,1.193,1.158,1.168,1.146,1.159,-0.034,-2.85,6873.57,797.8906
160807.SZ,20150213,1.288,1.159,1.241,1.159,1.193,-0.095,-7.3758,12813.74,1521.871
160807.SZ,20150212,1.23,1.3,1.3,1.136,1.288,0.058,4.7154,2790.53,352.883
160807.SZ,20150211,1.12,1.159,1.231,1.159,1.23,0.11,9.8214,1935.02,230.0786
160807.SZ,20150210,1.107,1.164,1.164,1.12,1.12,0.013,1.1743,994.0,115.2576
160807.SZ,20150209,1.085,1.093,1.107,1.093,1.107,0.022,2.0276,31.0,3.4233
160807.SZ,20150206,1.135,1.105,1.11,1.085,1.085,-0.05,-4.4053,265.0,29.244
160807.SZ,20150205,1.174,1.22,1.22,1.127,1.135,-0.039,-3.322,433.07,49.3696
160807.SZ,20150204,1.169,1.127,1.199,1.127,1.174,0.005,0.4277,667.0,79.3361
160807.SZ,20150203,1.117,1.115,1.169,1.115,1.169,0.052,4.6553,263.0,29.7659
160807.SZ,20150202,1.148,1.088,1.117,1.088,1.117,-0.031,-2.7003,266.07,29.72
160807.SZ,20150130,1.16,1.14,1.148,1.14,1.148,-0.012,-1.0345,40.0,4.5912
160807.SZ,20150129,1.17,1.112,1.16,1.112,1.16,-0.01,-0.8547,76.0,8.792
160807.SZ,20150128,1.179,1.15,1.17,1.15,1.17,-0.009,-0.7634,74.0,8.59
160807.SZ,20150127,1.168,1.17,1.179,1.156,1.179,0.011,0.9418,444.0,51.9755
160807.SZ,20150126,1.168,1.16,1.168,1.16,1.168,0.0,0.0,310.0,36.0566
160807.SZ,20150123,1.188,1.2,1.2,1.161,1.168,-0.02,-1.6835,169.0,19.7975
160807.SZ,20150122,1.17,1.17,1.188,1.17,1.188,0.018,1.5385,2.0,0.2358
160807.SZ,20150121,1.127,1.106,1.188,1.103,1.17,0.043,3.8154,996.0,111.3336
160807.SZ,20150120,1.12,1.13,1.13,1.008,1.127,0.007,0.625,1381.48,144.9479
160807.SZ,20150119,1.2,1.14,1.187,1.11,1.12,-0.08,-6.6667,579.0,65.1955
160807.SZ,20150116,1.21,1.21,1.21,1.175,1.2,-0.01,-0.8264,613.0,73.184
160807.SZ,20150115,1.149,1.14,1.21,1.14,1.21,0.061,5.309,310.5,35.5744
160807.SZ,20150114,1.2,1.131,1.2,1.131,1.149,-0.051,-4.25,50.0,5.7583
160807.SZ,20150113,1.222,1.225,1.225,1.135,1.2,-0.022,-1.8003,197.0,22.9773
160807.SZ,20150112,1.239,1.152,1.228,1.15,1.222,-0.017,-1.3721,465.0,54.682
160807.SZ,20150109,1.245,1.157,1.243,1.157,1.239,-0.006,-0.4819,251.0,31.093
160807.SZ,20150108,1.24,1.18,1.246,1.18,1.245,0.005,0.4032,722.0,85.2091
160807.SZ,20150107,1.25,1.248,1.248,1.189,1.24,-0.01,-0.8,151.0,18.449
160807.SZ,20150106,1.245,1.186,1.27,1.186,1.25,0.005,0.4016,1354.07,163.9662
160807.SZ,20150105,1.224,1.27,1.27,1.164,1.245,0.021,1.7157,2612.5,315.5718
160807.SZ,20141231,1.13,1.158,1.24,1.148,1.224,0.094,8.3186,1073.0,127.9518
160807.SZ,20141230,1.147,1.113,1.18,1.113,1.13,-0.017,-1.4821,38.0,4.3577
160807.SZ,20141229,1.125,1.122,1.175,1.122,1.147,0.022,1.9556,391.07,44.6126
160807.SZ,20141226,1.087,1.16,1.16,1.082,1.125,0.038,3.4959,589.14,65.52
160807.SZ,20141225,1.1,1.052,1.095,1.052,1.087,-0.013,-1.1818,374.02,40.2411
160807.SZ,20141224,1.183,1.1,1.194,1.065,1.1,-0.083,-7.0161,1630.07,181.2992
160807.SZ,20141223,1.12,1.19,1.2,1.098,1.183,0.063,5.625,1673.0,197.5094
160807.SZ,20141222,1.109,1.097,1.197,1.097,1.12,0.011,0.9919,732.01,82.8696
160807.SZ,20141219,1.082,1.119,1.119,1.083,1.109,0.027,2.4954,120.0,13.2929
160807.SZ,20141218,1.081,1.082,1.112,1.075,1.082,0.001,0.0925,596.0,64.7798
160807.SZ,20141217,1.078,1.07,1.115,1.07,1.081,0.003,0.2783,1535.73,168.4065
160807.SZ,20141216,1.05,1.038,1.078,1.038,1.078,0.028,2.6667,1015.0,107.9162
160807.SZ,20141215,1.05,1.064,1.064,1.023,1.05,0.0,0.0,864.5,89.6464
160807.SZ,20141212,1.116,1.075,1.075,1.035,1.05,-0.066,-5.914,826.0,86.4354
160807.SZ,20141211,1.064,1.023,1.168,1.0,1.116,0.052,4.8872,3455.86,352.5288
160807.SZ,20141210,1.172,1.26,1.26,1.057,1.064,-0.108,-9.215,2587.15,304.42
160807.SZ,20141209,1.065,1.096,1.172,1.067,1.172,0.107,10.0469,4757.13,536.4352
160807.SZ,20141208,1.049,1.054,1.066,1.029,1.065,0.016,1.5253,1234.02,130.3899
160807.SZ,20141205,1.04,1.07,1.07,0.937,1.049,0.009,0.8654,1149.63,119.0756
160807.SZ,20141204,0.98,0.977,1.046,0.977,1.04,0.06,6.1224,3110.7,314.4241
160807.SZ,20141203,0.965,0.963,0.99,0.963,0.98,0.015,1.5544,1140.59,111.97
160807.SZ,20141202,0.95,0.978,0.978,0.945,0.965,0.015,1.5789,1023.06,98.9889
160807.SZ,20141201,0.916,0.928,0.958,0.928,0.95,0.034,3.7118,373.0,35.4488
160807.SZ,20141128,0.92,0.912,0.938,0.912,0.916,-0.004,-0.4348,544.0,50.031
160807.SZ,20141127,0.903,0.904,0.92,0.904,0.92,0.017,1.8826,644.0,58.66
160807.SZ,20141126,0.898,0.936,0.936,0.902,0.903,0.005,0.5568,279.01,25.5699
160807.SZ,20141125,0.933,0.933,0.939,0.884,0.898,-0.035,-3.7513,286.02,25.6985
160807.SZ,20141124,0.93,0.874,0.934,0.874,0.933,0.003,0.3226,531.0,48.1477
160807.SZ,20141121,0.949,0.947,0.947,0.869,0.93,-0.019,-2.0021,363.0,31.7166
160807.SZ,20141120,0.958,0.958,0.979,0.862,0.949,-0.009,-0.9395,791.0,70.3584
160807.SZ,20141119,0.874,0.958,0.958,0.958,0.958,0.084,9.611,1.0,0.0958
160807.SZ,20141117,0.868,0.874,0.874,0.874,0.874,0.006,0.6912,109.0,9.5266
160807.SZ,20141114,0.88,0.868,0.868,0.867,0.868,-0.012,-1.3636,123.0,10.6729
160807.SZ,20141113,0.868,0.88,0.88,0.88,0.88,0.012,1.3825,511.0,44.968
160807.SZ,20141112,0.88,0.861,0.868,0.861,0.868,-0.012,-1.3636,305.0,26.4705
160807.SZ,20141111,0.851,0.896,0.898,0.88,0.88,0.029,3.4078,546.0,48.9078
160807.SZ,20141110,0.875,0.847,0.886,0.847,0.851,-0.024,-2.7429,7.0,0.6128
160807.SZ,20141107,0.847,0.85,0.877,0.85,0.875,0.028,3.3058,133.0,11.3643
160807.SZ,20141106,0.853,0.88,0.88,0.847,0.847,-0.006,-0.7034,107.0,9.3998
160807.SZ,20141104,0.947,0.852,0.853,0.852,0.853,-0.094,-9.9261,40.51,3.4555
160807.SZ,20141103,0.96,0.947,0.947,0.947,0.947,-0.013,-1.3542,5.0,0.4735
160807.SZ,20141031,0.879,0.819,0.967,0.819,0.96,0.081,9.215,357.17,33.178
160807.SZ,20141030,0.83,0.889,0.889,0.879,0.879,0.049,5.9036,244.0,21.6396
160807.SZ,20141029,0.813,0.825,0.83,0.825,0.83,0.017,2.091,229.0,18.982
160807.SZ,20141024,0.88,0.813,0.813,0.813,0.813,-0.067,-7.6136,21.04,1.7106
160807.SZ,20141016,0.84,0.832,0.88,0.832,0.88,0.04,4.7619,150.0,12.96
160807.SZ,20141014,0.841,0.84,0.84,0.84,0.84,-0.001,-0.1189,1.0,0.084
160807.SZ,20141009,0.84,0.84,0.842,0.84,0.841,0.001,0.119,149.0,12.5334
160807.SZ,20141008,0.83,0.843,0.845,0.84,0.84,0.01,1.2048,316.0,26.6669
160807.SZ,20140929,0.812,0.874,0.874,0.83,0.83,0.018,2.2167,331.0,27.5312
160807.SZ,20140925,0.826,0.752,0.813,0.752,0.812,-0.014,-1.6949,175.48,14.2439
160807.SZ,20140923,0.816,0.83,0.83,0.826,0.826,0.01,1.2255,4.0,0.3308
160807.SZ,20140922,0.837,0.816,0.816,0.816,0.816,-0.021,-2.509,101.0,8.2416
160807.SZ,20140919,0.821,0.846,0.846,0.837,0.837,0.016,1.9488,276.0,23.3481
160807.SZ,20140918,0.812,0.813,0.868,0.813,0.821,0.009,1.1084,182.0,15.4114
160807.SZ,20140917,0.826,0.881,0.881,0.812,0.812,-0.014,-1.6949,65.0,5.6603
160807.SZ,20140912,0.825,0.825,0.826,0.825,0.826,0.001,0.1212,145.0,11.9769
160807.SZ,20140911,0.835,0.826,0.828,0.823,0.825,-0.01,-1.1976,248.04,20.4746
160807.SZ,20140910,0.826,0.759,0.835,0.759,0.835,0.009,1.0896,34.9,2.7249
160807.SZ,20140909,0.833,0.838,0.838,0.826,0.826,-0.007,-0.8403,113.04,9.3641
160807.SZ,20140905,0.838,0.833,0.833,0.825,0.833,-0.005,-0.5967,266.0,22.0746
160807.SZ,20140904,0.816,0.815,0.838,0.815,0.838,0.022,2.6961,188.0,15.4544
160807.SZ,20140903,0.81,0.815,0.818,0.815,0.816,0.006,0.7407,360.0,29.386
160807.SZ,20140902,0.798,0.809,0.81,0.805,0.81,0.012,1.5038,654.0,52.756
160807.SZ,20140901,0.806,0.796,0.798,0.796,0.798,-0.008,-0.9926,349.16,27.8451
160807.SZ,20140827,0.795,0.806,0.806,0.806,0.806,0.011,1.3836,5.0,0.403
160807.SZ,20140826,0.817,0.793,0.795,0.793,0.795,-0.022,-2.6928,810.0,64.333
160807.SZ,20140822,0.817,0.817,0.817,0.817,0.817,0.0,0.0,5.0,0.4085
160807.SZ,20140821,0.818,0.737,0.817,0.737,0.817,-0.001,-0.1222,29.9,2.4028
160807.SZ,20140820,0.805,0.8,0.818,0.8,0.818,0.013,1.6149,27.9,2.2374
160807.SZ,20140819,0.79,0.802,0.805,0.802,0.805,0.015,1.8987,104.0,8.3562
160807.SZ,20140813,0.802,0.8,0.8,0.79,0.79,-0.012,-1.4963,5.0,0.398
160807.SZ,20140811,0.788,0.789,0.802,0.789,0.802,0.014,1.7766,49.0,3.9018
160807.SZ,20140808,0.8,0.788,0.788,0.788,0.788,-0.012,-1.5,3.0,0.2364
160807.SZ,20140807,0.803,0.8,0.8,0.8,0.8,-0.003,-0.3736,5.0,0.4
160807.SZ,20140806,0.837,0.837,0.837,0.8,0.803,-0.034,-4.0621,6.0,0.4917
160807.SZ,20140805,0.8,0.803,0.839,0.801,0.837,0.037,4.625,758.86,61.6861
160807.SZ,20140801,0.79,0.799,0.8,0.799,0.8,0.01,1.2658,35.0,2.797
160807.SZ,20140731,0.788,0.803,0.803,0.79,0.79,0.002,0.2538,1243.27,98.2235
160807.SZ,20140729,0.787,0.787,0.793,0.786,0.788,0.001,0.1271,276.01,21.8062
160807.SZ,20140728,0.744,0.764,0.787,0.764,0.787,0.043,5.7796,13.0,1.0091
160807.SZ,20140723,0.738,0.744,0.744,0.744,0.744,0.006,0.813,76.7,5.7065
160807.SZ,20140718,0.737,0.738,0.738,0.738,0.738,0.001,0.1357,24.0,1.7712
160807.SZ,20140716,0.733,0.737,0.737,0.737,0.737,0.004,0.5457,13.0,0.9581
160807.SZ,20140715,0.731,0.733,0.733,0.733,0.733,0.002,0.2736,2.0,0.1466
160807.SZ,20140711,0.758,0.78,0.78,0.729,0.731,-0.027,-3.562,187.2,13.656
